sample,time_s,frequency_offset_hz,control_voltage_v
0,0.0,-250000,1.04551382954801
1,6.25e-08,-250000,1.04551382954801
2,1.25e-07,-250000,1.04551382954801
3,1.875e-07,-250000,1.04551382954801
4,2.5e-07,-250000,1.04551382954801
5,3.125e-07,-250000,1.04551382954801
6,3.75e-07,-250000,1.04551382954801
7,4.375e-07,-250000,1.04551382954801
8,5e-07,-250000,1.04551382954801
9,5.625e-07,-250000,1.04551382954801
10,6.25e-07,-250000,1.04551382954801
11,6.875e-07,-250000,1.04551382954801
12,7.5e-07,-250000,1.04551382954801
13,8.125e-07,-250000,1.04551382954801
14,8.75e-07,-250000,1.04551382954801
15,9.375e-07,-250000,1.04551382954801
16,1e-06,-250000,1.04551382954801
17,1.0625e-06,-250000,1.04551382954801
18,1.125e-06,-250000,1.04551382954801
19,1.1875e-06,-250000,1.04551382954801
20,1.25e-06,-250000,1.04551382954801
21,1.3125e-06,-250000,1.04551382954801
22,1.375e-06,-250000,1.04551382954801
23,1.4375e-06,-250000,1.04551382954801
24,1.5e-06,-250000,1.04551382954801
25,1.5625e-06,-250000,1.04551382954801
26,1.625e-06,-250000,1.04551382954801
27,1.6875e-06,-250000,1.04551382954801
28,1.75e-06,-249998,1.0455138655273217
29,1.8125e-06,-249996,1.0455139015066337
30,1.875e-06,-249992,1.0455139734652574
31,1.9375e-06,-249976,1.0455142612997526
32,2e-06,-249938,1.0455149449066787
33,2.0625e-06,-249848,1.045516563975714
34,2.125e-06,-249646,1.0455201978862154
35,2.1875e-06,-249218,1.045527897458961
36,2.25e-06,-248360,1.0455433325837644
37,2.3125e-06,-246734,1.0455725837643355
38,2.375e-06,-243818,1.0456250416010793
39,2.4375e-06,-238874,1.0457139824600854
40,2.5e-06,-230940,1.0458567123903755
41,2.5625e-06,-218898,1.0460733438272993
42,2.625e-06,-201612,1.0463843130200134
43,2.6875e-06,-178140,1.046806566224421
44,2.75e-06,-147992,1.0473489183719362
45,2.8125e-06,-111368,1.0480077715313694
46,2.875e-06,-69284,1.048764848212278
47,2.9375e-06,-23546,1.0495876590960198
48,3e-06,23460,1.0504332808635035
49,3.0625e-06,69124,1.0512547605127052
50,3.125e-06,111010,1.052008275241736
51,3.1875e-06,147208,1.0526594648077356
52,3.25e-06,176500,1.0531864178097594
53,3.3125e-06,198346,1.0535794198335957
54,3.375e-06,212716,1.053837931189566
55,3.4375e-06,219814,1.0539656217674838
56,3.5e-06,219814,1.0539656217674838
57,3.5625e-06,212716,1.053837931189566
58,3.625e-06,198346,1.0535794198335957
59,3.6875e-06,176500,1.0531864178097594
60,3.75e-06,147210,1.0526595007870474
61,3.8125e-06,111014,1.0520083472003599
62,3.875e-06,69132,1.0512549044299528
63,3.9375e-06,23484,1.0504337126152463
64,4e-06,-23484,1.0495887744546886
65,4.0625e-06,-69132,1.048767582639982
66,4.125e-06,-111014,1.048014139869575
67,4.1875e-06,-147210,1.0473629862828873
68,4.25e-06,-176500,1.0468360692601755
69,4.3125e-06,-198346,1.0464430672363392
70,4.375e-06,-212716,1.0461845558803688
71,4.4375e-06,-219814,1.0460568653024511
72,4.5e-06,-219814,1.0460568653024511
73,4.5625e-06,-212716,1.0461845558803688
74,4.625e-06,-198346,1.0464430672363392
75,4.6875e-06,-176500,1.0468360692601755
76,4.75e-06,-147210,1.0473629862828873
77,4.8125e-06,-111014,1.048014139869575
78,4.875e-06,-69132,1.048767582639982
79,4.9375e-06,-23484,1.0495887744546886
80,5e-06,23484,1.0504337126152463
81,5.0625e-06,69132,1.0512549044299528
82,5.125e-06,111014,1.0520083472003599
83,5.1875e-06,147210,1.0526595007870474
84,5.25e-06,176500,1.0531864178097594
85,5.3125e-06,198346,1.0535794198335957
86,5.375e-06,212716,1.053837931189566
87,5.4375e-06,219814,1.0539656217674838
88,5.5e-06,219814,1.0539656217674838
89,5.5625e-06,212716,1.053837931189566
90,5.625e-06,198346,1.0535794198335957
91,5.6875e-06,176500,1.0531864178097594
92,5.75e-06,147210,1.0526595007870474
93,5.8125e-06,111014,1.0520083472003599
94,5.875e-06,69132,1.0512549044299528
95,5.9375e-06,23484,1.0504337126152463
96,6e-06,-23484,1.0495887744546886
97,6.0625e-06,-69132,1.048767582639982
98,6.125e-06,-111014,1.048014139869575
99,6.1875e-06,-147210,1.0473629862828873
100,6.25e-06,-176500,1.0468360692601755
101,6.3125e-06,-198346,1.0464430672363392
102,6.375e-06,-212716,1.0461845558803688
103,6.4375e-06,-219814,1.0460568653024511
104,6.5e-06,-219814,1.0460568653024511
105,6.5625e-06,-212716,1.0461845558803688
106,6.625e-06,-198346,1.0464430672363392
107,6.6875e-06,-176500,1.0468360692601755
108,6.75e-06,-147210,1.0473629862828873
109,6.8125e-06,-111014,1.048014139869575
110,6.875e-06,-69132,1.048767582639982
111,6.9375e-06,-23484,1.0495887744546886
112,7e-06,23484,1.0504337126152463
113,7.0625e-06,69132,1.0512549044299528
114,7.125e-06,111014,1.0520083472003599
115,7.1875e-06,147210,1.0526595007870474
116,7.25e-06,176500,1.0531864178097594
117,7.3125e-06,198346,1.0535794198335957
118,7.375e-06,212716,1.053837931189566
119,7.4375e-06,219814,1.0539656217674838
120,7.5e-06,219814,1.0539656217674838
121,7.5625e-06,212716,1.053837931189566
122,7.625e-06,198346,1.0535794198335957
123,7.6875e-06,176500,1.0531864178097594
124,7.75e-06,147210,1.0526595007870474
125,7.8125e-06,111014,1.0520083472003599
126,7.875e-06,69132,1.0512549044299528
127,7.9375e-06,23484,1.0504337126152463
128,8e-06,-23484,1.0495887744546886
129,8.0625e-06,-69132,1.048767582639982
130,8.125e-06,-111014,1.048014139869575
131,8.1875e-06,-147210,1.0473629862828873
132,8.25e-06,-176500,1.0468360692601755
133,8.3125e-06,-198346,1.0464430672363392
134,8.375e-06,-212716,1.0461845558803688
135,8.4375e-06,-219814,1.0460568653024511
136,8.5e-06,-219814,1.0460568653024511
137,8.5625e-06,-212716,1.0461845558803688
138,8.625e-06,-198346,1.0464430672363392
139,8.6875e-06,-176500,1.0468360692601755
140,8.75e-06,-147210,1.0473629862828873
141,8.8125e-06,-111014,1.048014139869575
142,8.875e-06,-69132,1.048767582639982
143,8.9375e-06,-23484,1.0495887744546886
144,9e-06,23484,1.0504337126152463
145,9.0625e-06,69132,1.0512549044299528
146,9.125e-06,111014,1.0520083472003599
147,9.1875e-06,147210,1.0526595007870474
148,9.25e-06,176500,1.0531864178097594
149,9.3125e-06,198346,1.0535794198335957
150,9.375e-06,212716,1.053837931189566
151,9.4375e-06,219814,1.0539656217674838
152,9.5e-06,219814,1.0539656217674838
153,9.5625e-06,212716,1.053837931189566
154,9.625e-06,198346,1.0535794198335957
155,9.6875e-06,176500,1.0531864178097594
156,9.75e-06,147210,1.0526595007870474
157,9.8125e-06,111014,1.0520083472003599
158,9.875e-06,69132,1.0512549044299528
159,9.9375e-06,23484,1.0504337126152463
160,1e-05,-23484,1.0495887744546886
161,1.00625e-05,-69132,1.048767582639982
162,1.0125e-05,-111014,1.048014139869575
163,1.01875e-05,-147210,1.0473629862828873
164,1.025e-05,-176500,1.0468360692601755
165,1.03125e-05,-198346,1.0464430672363392
166,1.0375e-05,-212716,1.0461845558803688
167,1.04375e-05,-219814,1.0460568653024511
168,1.05e-05,-219814,1.0460568653024511
169,1.05625e-05,-212716,1.0461845558803688
170,1.0625e-05,-198346,1.0464430672363392
171,1.06875e-05,-176500,1.0468360692601755
172,1.075e-05,-147208,1.0473630222621992
173,1.08125e-05,-111010,1.0480142118281988
174,1.0875e-05,-69124,1.0487677265572295
175,1.09375e-05,-23460,1.0495892062064314
176,1.1e-05,23546,1.050434827973915
177,1.10625e-05,69284,1.0512576388576569
178,1.1125e-05,111368,1.0520147155385653
179,1.11875e-05,147992,1.0526735686979987
180,1.125e-05,178140,1.0532159208455139
181,1.13125e-05,201612,1.0536381740499212
182,1.1375e-05,218898,1.0539491432426356
183,1.14375e-05,230940,1.0541657746795592
184,1.15e-05,238874,1.0543085046098493
185,1.15625e-05,243818,1.0543974454688554
186,1.1625e-05,246734,1.0544499033055992
187,1.16875e-05,248360,1.0544791544861705
188,1.175e-05,249216,1.054494553631662
189,1.18125e-05,249642,1.0545022172250955
190,1.1875e-05,249840,1.0545057791769732
191,1.19375e-05,249914,1.0545071104115133
192,1.2e-05,249914,1.0545071104115133
193,1.20625e-05,249840,1.0545057791769732
194,1.2125e-05,249642,1.0545022172250955
195,1.21875e-05,249216,1.054494553631662
196,1.225e-05,248360,1.0544791544861705
197,1.23125e-05,246734,1.0544499033055992
198,1.2375e-05,243818,1.0543974454688554
199,1.24375e-05,238874,1.0543085046098493
200,1.25e-05,230940,1.0541657746795592
201,1.25625e-05,218898,1.0539491432426356
202,1.2625e-05,201612,1.0536381740499212
203,1.26875e-05,178140,1.0532159208455139
204,1.275e-05,147992,1.0526735686979987
205,1.28125e-05,111368,1.0520147155385653
206,1.2875e-05,69284,1.0512576388576569
207,1.29375e-05,23546,1.050434827973915
208,1.3e-05,-23460,1.0495892062064314
209,1.30625e-05,-69124,1.0487677265572295
210,1.3125e-05,-111010,1.0480142118281988
211,1.31875e-05,-147208,1.0473630222621992
212,1.325e-05,-176500,1.0468360692601755
213,1.33125e-05,-198346,1.0464430672363392
214,1.3375e-05,-212716,1.0461845558803688
215,1.34375e-05,-219814,1.0460568653024511
216,1.35e-05,-219814,1.0460568653024511
217,1.35625e-05,-212716,1.0461845558803688
218,1.3625e-05,-198346,1.0464430672363392
219,1.36875e-05,-176500,1.0468360692601755
220,1.375e-05,-147210,1.0473629862828873
221,1.38125e-05,-111014,1.048014139869575
222,1.3875e-05,-69132,1.048767582639982
223,1.39375e-05,-23484,1.0495887744546886
224,1.4e-05,23484,1.0504337126152463
225,1.40625e-05,69132,1.0512549044299528
226,1.4125e-05,111014,1.0520083472003599
227,1.41875e-05,147210,1.0526595007870474
228,1.425e-05,176500,1.0531864178097594
229,1.43125e-05,198346,1.0535794198335957
230,1.4375e-05,212716,1.053837931189566
231,1.44375e-05,219814,1.0539656217674838
232,1.45e-05,219814,1.0539656217674838
233,1.45625e-05,212716,1.053837931189566
234,1.4625e-05,198346,1.0535794198335957
235,1.46875e-05,176500,1.0531864178097594
236,1.475e-05,147210,1.0526595007870474
237,1.48125e-05,111014,1.0520083472003599
238,1.4875e-05,69132,1.0512549044299528
239,1.49375e-05,23484,1.0504337126152463
240,1.5e-05,-23484,1.0495887744546886
241,1.50625e-05,-69132,1.048767582639982
242,1.5125e-05,-111014,1.048014139869575
243,1.51875e-05,-147210,1.0473629862828873
244,1.525e-05,-176500,1.0468360692601755
245,1.53125e-05,-198346,1.0464430672363392
246,1.5375e-05,-212716,1.0461845558803688
247,1.54375e-05,-219814,1.0460568653024511
248,1.55e-05,-219814,1.0460568653024511
249,1.55625e-05,-212716,1.0461845558803688
250,1.5625e-05,-198346,1.0464430672363392
251,1.56875e-05,-176500,1.0468360692601755
252,1.575e-05,-147208,1.0473630222621992
253,1.58125e-05,-111010,1.0480142118281988
254,1.5875e-05,-69124,1.0487677265572295
255,1.59375e-05,-23460,1.0495892062064314
256,1.6e-05,23546,1.050434827973915
257,1.60625e-05,69284,1.0512576388576569
258,1.6125e-05,111368,1.0520147155385653
259,1.61875e-05,147992,1.0526735686979987
260,1.625e-05,178140,1.0532159208455139
261,1.63125e-05,201612,1.0536381740499212
262,1.6375e-05,218898,1.0539491432426356
263,1.64375e-05,230940,1.0541657746795592
264,1.65e-05,238874,1.0543085046098493
265,1.65625e-05,243818,1.0543974454688554
266,1.6625e-05,246734,1.0544499033055992
267,1.66875e-05,248360,1.0544791544861705
268,1.675e-05,249216,1.054494553631662
269,1.68125e-05,249642,1.0545022172250955
270,1.6875e-05,249840,1.0545057791769732
271,1.69375e-05,249914,1.0545071104115133
272,1.7e-05,249914,1.0545071104115133
273,1.70625e-05,249840,1.0545057791769732
274,1.7125e-05,249642,1.0545022172250955
275,1.71875e-05,249216,1.054494553631662
276,1.725e-05,248360,1.0544791544861705
277,1.73125e-05,246734,1.0544499033055992
278,1.7375e-05,243818,1.0543974454688554
279,1.74375e-05,238874,1.0543085046098493
280,1.75e-05,230940,1.0541657746795592
281,1.75625e-05,218898,1.0539491432426356
282,1.7625e-05,201612,1.0536381740499212
283,1.76875e-05,178140,1.0532159208455139
284,1.775e-05,147992,1.0526735686979987
285,1.78125e-05,111368,1.0520147155385653
286,1.7875e-05,69284,1.0512576388576569
287,1.79375e-05,23546,1.050434827973915
288,1.8e-05,-23460,1.0495892062064314
289,1.80625e-05,-69124,1.0487677265572295
290,1.8125e-05,-111010,1.0480142118281988
291,1.81875e-05,-147208,1.0473630222621992
292,1.825e-05,-176500,1.0468360692601755
293,1.83125e-05,-198346,1.0464430672363392
294,1.8375e-05,-212716,1.0461845558803688
295,1.84375e-05,-219814,1.0460568653024511
296,1.85e-05,-219814,1.0460568653024511
297,1.85625e-05,-212716,1.0461845558803688
298,1.8625e-05,-198346,1.0464430672363392
299,1.86875e-05,-176500,1.0468360692601755
300,1.875e-05,-147208,1.0473630222621992
301,1.88125e-05,-111010,1.0480142118281988
302,1.8875e-05,-69124,1.0487677265572295
303,1.89375e-05,-23460,1.0495892062064314
304,1.9e-05,23546,1.050434827973915
305,1.90625e-05,69284,1.0512576388576569
306,1.9125e-05,111368,1.0520147155385653
307,1.91875e-05,147992,1.0526735686979987
308,1.925e-05,178140,1.0532159208455139
309,1.93125e-05,201612,1.0536381740499212
310,1.9375e-05,218898,1.0539491432426356
311,1.94375e-05,230940,1.0541657746795592
312,1.95e-05,238874,1.0543085046098493
313,1.95625e-05,243818,1.0543974454688554
314,1.9625e-05,246734,1.0544499033055992
315,1.96875e-05,248360,1.0544791544861705
316,1.975e-05,249218,1.0544945896109736
317,1.98125e-05,249646,1.0545022891837195
318,1.9875e-05,249848,1.0545059230942209
319,1.99375e-05,249938,1.0545075421632562
320,2e-05,249976,1.054508225770182
321,2.00625e-05,249992,1.0545085136046772
322,2.0125e-05,249996,1.0545085855633012
323,2.01875e-05,249998,1.054508621542613
324,2.025e-05,250000,1.054508657521925
325,2.03125e-05,250000,1.054508657521925
326,2.0375e-05,250000,1.054508657521925
327,2.04375e-05,250000,1.054508657521925
328,2.05e-05,250000,1.054508657521925
329,2.05625e-05,250000,1.054508657521925
330,2.0625e-05,250000,1.054508657521925
331,2.06875e-05,250000,1.054508657521925
332,2.075e-05,250000,1.054508657521925
333,2.08125e-05,250000,1.054508657521925
334,2.0875e-05,250000,1.054508657521925
335,2.09375e-05,250000,1.054508657521925
336,2.1e-05,250000,1.054508657521925
337,2.10625e-05,250000,1.054508657521925
338,2.1125e-05,250000,1.054508657521925
339,2.11875e-05,250000,1.054508657521925
340,2.125e-05,250000,1.054508657521925
341,2.13125e-05,250000,1.054508657521925
342,2.1375e-05,250000,1.054508657521925
343,2.14375e-05,250000,1.054508657521925
344,2.15e-05,250000,1.054508657521925
345,2.15625e-05,250000,1.054508657521925
346,2.1625e-05,250000,1.054508657521925
347,2.16875e-05,250000,1.054508657521925
348,2.175e-05,250000,1.054508657521925
349,2.18125e-05,250000,1.054508657521925
350,2.1875e-05,250000,1.054508657521925
351,2.19375e-05,250000,1.054508657521925
352,2.2e-05,250000,1.054508657521925
353,2.20625e-05,250000,1.054508657521925
354,2.2125e-05,250000,1.054508657521925
355,2.21875e-05,250000,1.054508657521925
356,2.225e-05,250000,1.054508657521925
357,2.23125e-05,250000,1.054508657521925
358,2.2375e-05,250000,1.054508657521925
359,2.24375e-05,250000,1.054508657521925
360,2.25e-05,250000,1.054508657521925
361,2.25625e-05,250000,1.054508657521925
362,2.2625e-05,250000,1.054508657521925
363,2.26875e-05,250000,1.054508657521925
364,2.275e-05,249998,1.054508621542613
365,2.28125e-05,249996,1.0545085855633012
366,2.2875e-05,249992,1.0545085136046772
367,2.29375e-05,249976,1.054508225770182
368,2.3e-05,249938,1.0545075421632562
369,2.30625e-05,249848,1.0545059230942209
370,2.3125e-05,249646,1.0545022891837195
371,2.31875e-05,249218,1.0544945896109736
372,2.325e-05,248360,1.0544791544861705
373,2.33125e-05,246734,1.0544499033055992
374,2.3375e-05,243818,1.0543974454688554
375,2.34375e-05,238874,1.0543085046098493
376,2.35e-05,230940,1.0541657746795592
377,2.35625e-05,218898,1.0539491432426356
378,2.3625e-05,201612,1.0536381740499212
379,2.36875e-05,178140,1.0532159208455139
380,2.375e-05,147992,1.0526735686979987
381,2.38125e-05,111368,1.0520147155385653
382,2.3875e-05,69284,1.0512576388576569
383,2.39375e-05,23546,1.050434827973915
384,2.4e-05,-23460,1.0495892062064314
385,2.40625e-05,-69124,1.0487677265572295
386,2.4125e-05,-111010,1.0480142118281988
387,2.41875e-05,-147208,1.0473630222621992
388,2.425e-05,-176500,1.0468360692601755
389,2.43125e-05,-198346,1.0464430672363392
390,2.4375e-05,-212716,1.0461845558803688
391,2.44375e-05,-219814,1.0460568653024511
392,2.45e-05,-219814,1.0460568653024511
393,2.45625e-05,-212716,1.0461845558803688
394,2.4625e-05,-198346,1.0464430672363392
395,2.46875e-05,-176500,1.0468360692601755
396,2.475e-05,-147208,1.0473630222621992
397,2.48125e-05,-111010,1.0480142118281988
398,2.4875e-05,-69124,1.0487677265572295
399,2.49375e-05,-23460,1.0495892062064314
400,2.5e-05,23546,1.050434827973915
401,2.50625e-05,69284,1.0512576388576569
402,2.5125e-05,111368,1.0520147155385653
403,2.51875e-05,147992,1.0526735686979987
404,2.525e-05,178140,1.0532159208455139
405,2.53125e-05,201612,1.0536381740499212
406,2.5375e-05,218898,1.0539491432426356
407,2.54375e-05,230940,1.0541657746795592
408,2.55e-05,238874,1.0543085046098493
409,2.55625e-05,243818,1.0543974454688554
410,2.5625e-05,246734,1.0544499033055992
411,2.56875e-05,248360,1.0544791544861705
412,2.575e-05,249216,1.054494553631662
413,2.58125e-05,249642,1.0545022172250955
414,2.5875e-05,249840,1.0545057791769732
415,2.59375e-05,249914,1.0545071104115133
416,2.6e-05,249914,1.0545071104115133
417,2.60625e-05,249840,1.0545057791769732
418,2.6125e-05,249642,1.0545022172250955
419,2.61875e-05,249216,1.054494553631662
420,2.625e-05,248360,1.0544791544861705
421,2.63125e-05,246734,1.0544499033055992
422,2.6375e-05,243818,1.0543974454688554
423,2.64375e-05,238874,1.0543085046098493
424,2.65e-05,230940,1.0541657746795592
425,2.65625e-05,218898,1.0539491432426356
426,2.6625e-05,201612,1.0536381740499212
427,2.66875e-05,178140,1.0532159208455139
428,2.675e-05,147990,1.0526735327186867
429,2.68125e-05,111364,1.0520146435799416
430,2.6875e-05,69276,1.0512574949404092
431,2.69375e-05,23522,1.0504343962221723
432,2.7e-05,-23522,1.0495880908477626
433,2.70625e-05,-69276,1.0487649921295255
434,2.7125e-05,-111364,1.0480078434899933
435,2.71875e-05,-147990,1.047348954351248
436,2.725e-05,-178140,1.046806566224421
437,2.73125e-05,-201612,1.0463843130200134
438,2.7375e-05,-218898,1.0460733438272993
439,2.74375e-05,-230940,1.0458567123903755
440,2.75e-05,-238874,1.0457139824600854
441,2.75625e-05,-243818,1.0456250416010793
442,2.7625e-05,-246734,1.0455725837643355
443,2.76875e-05,-248360,1.0455433325837644
444,2.775e-05,-249216,1.045527933438273
445,2.78125e-05,-249642,1.0455202698448391
446,2.7875e-05,-249840,1.0455167078929615
447,2.79375e-05,-249914,1.0455153766584213
448,2.8e-05,-249914,1.0455153766584213
449,2.80625e-05,-249840,1.0455167078929615
450,2.8125e-05,-249642,1.0455202698448391
451,2.81875e-05,-249216,1.045527933438273
452,2.825e-05,-248360,1.0455433325837644
453,2.83125e-05,-246734,1.0455725837643355
454,2.8375e-05,-243818,1.0456250416010793
455,2.84375e-05,-238874,1.0457139824600854
456,2.85e-05,-230940,1.0458567123903755
457,2.85625e-05,-218898,1.0460733438272993
458,2.8625e-05,-201612,1.0463843130200134
459,2.86875e-05,-178140,1.046806566224421
460,2.875e-05,-147992,1.0473489183719362
461,2.88125e-05,-111368,1.0480077715313694
462,2.8875e-05,-69284,1.048764848212278
463,2.89375e-05,-23546,1.0495876590960198
464,2.9e-05,23460,1.0504332808635035
465,2.90625e-05,69124,1.0512547605127052
466,2.9125e-05,111010,1.052008275241736
467,2.91875e-05,147208,1.0526594648077356
468,2.925e-05,176500,1.0531864178097594
469,2.93125e-05,198346,1.0535794198335957
470,2.9375e-05,212716,1.053837931189566
471,2.94375e-05,219814,1.0539656217674838
472,2.95e-05,219814,1.0539656217674838
473,2.95625e-05,212716,1.053837931189566
474,2.9625e-05,198346,1.0535794198335957
475,2.96875e-05,176500,1.0531864178097594
476,2.975e-05,147208,1.0526594648077356
477,2.98125e-05,111010,1.052008275241736
478,2.9875e-05,69124,1.0512547605127052
479,2.99375e-05,23460,1.0504332808635035
480,3e-05,-23546,1.0495876590960198
481,3.00625e-05,-69284,1.048764848212278
482,3.0125e-05,-111368,1.0480077715313694
483,3.01875e-05,-147992,1.0473489183719362
484,3.025e-05,-178140,1.046806566224421
485,3.03125e-05,-201612,1.0463843130200134
486,3.0375e-05,-218898,1.0460733438272993
487,3.04375e-05,-230940,1.0458567123903755
488,3.05e-05,-238874,1.0457139824600854
489,3.05625e-05,-243818,1.0456250416010793
490,3.0625e-05,-246734,1.0455725837643355
491,3.06875e-05,-248360,1.0455433325837644
492,3.075e-05,-249218,1.045527897458961
493,3.08125e-05,-249646,1.0455201978862154
494,3.0875e-05,-249848,1.045516563975714
495,3.09375e-05,-249938,1.0455149449066787
496,3.1e-05,-249976,1.0455142612997526
497,3.10625e-05,-249992,1.0455139734652574
498,3.1125e-05,-249996,1.0455139015066337
499,3.11875e-05,-249998,1.0455138655273217
500,3.125e-05,-250000,1.04551382954801
501,3.13125e-05,-250000,1.04551382954801
502,3.1375e-05,-250000,1.04551382954801
503,3.14375e-05,-250000,1.04551382954801
504,3.15e-05,-250000,1.04551382954801
505,3.15625e-05,-250000,1.04551382954801
506,3.1625e-05,-250000,1.04551382954801
507,3.16875e-05,-250000,1.04551382954801
508,3.175e-05,-249998,1.0455138655273217
509,3.18125e-05,-249996,1.0455139015066337
510,3.1875e-05,-249992,1.0455139734652574
511,3.19375e-05,-249976,1.0455142612997526
512,3.2e-05,-249938,1.0455149449066787
513,3.20625e-05,-249848,1.045516563975714
514,3.2125e-05,-249646,1.0455201978862154
515,3.21875e-05,-249218,1.045527897458961
516,3.225e-05,-248360,1.0455433325837644
517,3.23125e-05,-246734,1.0455725837643355
518,3.2375e-05,-243818,1.0456250416010793
519,3.24375e-05,-238874,1.0457139824600854
520,3.25e-05,-230940,1.0458567123903755
521,3.25625e-05,-218898,1.0460733438272993
522,3.2625e-05,-201612,1.0463843130200134
523,3.26875e-05,-178140,1.046806566224421
524,3.275e-05,-147992,1.0473489183719362
525,3.28125e-05,-111368,1.0480077715313694
526,3.2875e-05,-69284,1.048764848212278
527,3.29375e-05,-23546,1.0495876590960198
528,3.3e-05,23460,1.0504332808635035
529,3.30625e-05,69124,1.0512547605127052
530,3.3125e-05,111010,1.052008275241736
531,3.31875e-05,147208,1.0526594648077356
532,3.325e-05,176500,1.0531864178097594
533,3.33125e-05,198346,1.0535794198335957
534,3.3375e-05,212716,1.053837931189566
535,3.34375e-05,219814,1.0539656217674838
536,3.35e-05,219814,1.0539656217674838
537,3.35625e-05,212716,1.053837931189566
538,3.3625e-05,198346,1.0535794198335957
539,3.36875e-05,176500,1.0531864178097594
540,3.375e-05,147210,1.0526595007870474
541,3.38125e-05,111014,1.0520083472003599
542,3.3875e-05,69132,1.0512549044299528
543,3.39375e-05,23484,1.0504337126152463
544,3.4e-05,-23484,1.0495887744546886
545,3.40625e-05,-69132,1.048767582639982
546,3.4125e-05,-111014,1.048014139869575
547,3.41875e-05,-147210,1.0473629862828873
548,3.425e-05,-176500,1.0468360692601755
549,3.43125e-05,-198346,1.0464430672363392
550,3.4375e-05,-212716,1.0461845558803688
551,3.44375e-05,-219814,1.0460568653024511
552,3.45e-05,-219814,1.0460568653024511
553,3.45625e-05,-212716,1.0461845558803688
554,3.4625e-05,-198346,1.0464430672363392
555,3.46875e-05,-176500,1.0468360692601755
556,3.475e-05,-147208,1.0473630222621992
557,3.48125e-05,-111010,1.0480142118281988
558,3.4875e-05,-69124,1.0487677265572295
559,3.49375e-05,-23460,1.0495892062064314
560,3.5e-05,23546,1.050434827973915
561,3.50625e-05,69284,1.0512576388576569
562,3.5125e-05,111368,1.0520147155385653
563,3.51875e-05,147992,1.0526735686979987
564,3.525e-05,178140,1.0532159208455139
565,3.53125e-05,201612,1.0536381740499212
566,3.5375e-05,218898,1.0539491432426356
567,3.54375e-05,230940,1.0541657746795592
568,3.55e-05,238874,1.0543085046098493
569,3.55625e-05,243818,1.0543974454688554
570,3.5625e-05,246734,1.0544499033055992
571,3.56875e-05,248360,1.0544791544861705
572,3.575e-05,249218,1.0544945896109736
573,3.58125e-05,249646,1.0545022891837195
574,3.5875e-05,249848,1.0545059230942209
575,3.59375e-05,249938,1.0545075421632562
576,3.6e-05,249976,1.054508225770182
577,3.60625e-05,249992,1.0545085136046772
578,3.6125e-05,249996,1.0545085855633012
579,3.61875e-05,249998,1.054508621542613
580,3.625e-05,250000,1.054508657521925
581,3.63125e-05,250000,1.054508657521925
582,3.6375e-05,250000,1.054508657521925
583,3.64375e-05,250000,1.054508657521925
584,3.65e-05,250000,1.054508657521925
585,3.65625e-05,250000,1.054508657521925
586,3.6625e-05,250000,1.054508657521925
587,3.66875e-05,250000,1.054508657521925
588,3.675e-05,249998,1.054508621542613
589,3.68125e-05,249996,1.0545085855633012
590,3.6875e-05,249992,1.0545085136046772
591,3.69375e-05,249976,1.054508225770182
592,3.7e-05,249938,1.0545075421632562
593,3.70625e-05,249848,1.0545059230942209
594,3.7125e-05,249646,1.0545022891837195
595,3.71875e-05,249218,1.0544945896109736
596,3.725e-05,248360,1.0544791544861705
597,3.73125e-05,246734,1.0544499033055992
598,3.7375e-05,243818,1.0543974454688554
599,3.74375e-05,238874,1.0543085046098493
600,3.75e-05,230940,1.0541657746795592
601,3.75625e-05,218898,1.0539491432426356
602,3.7625e-05,201612,1.0536381740499212
603,3.76875e-05,178140,1.0532159208455139
604,3.775e-05,147990,1.0526735327186867
605,3.78125e-05,111364,1.0520146435799416
606,3.7875e-05,69276,1.0512574949404092
607,3.79375e-05,23522,1.0504343962221723
608,3.8e-05,-23522,1.0495880908477626
609,3.80625e-05,-69276,1.0487649921295255
610,3.8125e-05,-111364,1.0480078434899933
611,3.81875e-05,-147990,1.047348954351248
612,3.825e-05,-178140,1.046806566224421
613,3.83125e-05,-201612,1.0463843130200134
614,3.8375e-05,-218898,1.0460733438272993
615,3.84375e-05,-230940,1.0458567123903755
616,3.85e-05,-238874,1.0457139824600854
617,3.85625e-05,-243818,1.0456250416010793
618,3.8625e-05,-246734,1.0455725837643355
619,3.86875e-05,-248360,1.0455433325837644
620,3.875e-05,-249218,1.045527897458961
621,3.88125e-05,-249646,1.0455201978862154
622,3.8875e-05,-249848,1.045516563975714
623,3.89375e-05,-249938,1.0455149449066787
624,3.9e-05,-249976,1.0455142612997526
625,3.90625e-05,-249992,1.0455139734652574
626,3.9125e-05,-249996,1.0455139015066337
627,3.91875e-05,-249998,1.0455138655273217
628,3.925e-05,-250000,1.04551382954801
629,3.93125e-05,-250000,1.04551382954801
630,3.9375e-05,-250000,1.04551382954801
631,3.94375e-05,-250000,1.04551382954801
632,3.95e-05,-250000,1.04551382954801
633,3.95625e-05,-250000,1.04551382954801
634,3.9625e-05,-250000,1.04551382954801
635,3.96875e-05,-250000,1.04551382954801
636,3.975e-05,-249998,1.0455138655273217
637,3.98125e-05,-249996,1.0455139015066337
638,3.9875e-05,-249992,1.0455139734652574
639,3.99375e-05,-249976,1.0455142612997526
640,4e-05,-249938,1.0455149449066787
641,4.00625e-05,-249848,1.045516563975714
642,4.0125e-05,-249646,1.0455201978862154
643,4.01875e-05,-249218,1.045527897458961
644,4.025e-05,-248360,1.0455433325837644
645,4.03125e-05,-246734,1.0455725837643355
646,4.0375e-05,-243818,1.0456250416010793
647,4.04375e-05,-238874,1.0457139824600854
648,4.05e-05,-230940,1.0458567123903755
649,4.05625e-05,-218898,1.0460733438272993
650,4.0625e-05,-201612,1.0463843130200134
651,4.06875e-05,-178140,1.046806566224421
652,4.075e-05,-147990,1.047348954351248
653,4.08125e-05,-111364,1.0480078434899933
654,4.0875e-05,-69276,1.0487649921295255
655,4.09375e-05,-23522,1.0495880908477626
656,4.1e-05,23522,1.0504343962221723
657,4.10625e-05,69276,1.0512574949404092
658,4.1125e-05,111364,1.0520146435799416
659,4.11875e-05,147990,1.0526735327186867
660,4.125e-05,178140,1.0532159208455139
661,4.13125e-05,201612,1.0536381740499212
662,4.1375e-05,218898,1.0539491432426356
663,4.14375e-05,230940,1.0541657746795592
664,4.15e-05,238874,1.0543085046098493
665,4.15625e-05,243818,1.0543974454688554
666,4.1625e-05,246734,1.0544499033055992
667,4.16875e-05,248360,1.0544791544861705
668,4.175e-05,249218,1.0544945896109736
669,4.18125e-05,249646,1.0545022891837195
670,4.1875e-05,249848,1.0545059230942209
671,4.19375e-05,249938,1.0545075421632562
672,4.2e-05,249976,1.054508225770182
673,4.20625e-05,249992,1.0545085136046772
674,4.2125e-05,249996,1.0545085855633012
675,4.21875e-05,249998,1.054508621542613
676,4.225e-05,250000,1.054508657521925
677,4.23125e-05,250000,1.054508657521925
678,4.2375e-05,250000,1.054508657521925
679,4.24375e-05,250000,1.054508657521925
680,4.25e-05,250000,1.054508657521925
681,4.25625e-05,250000,1.054508657521925
682,4.2625e-05,250000,1.054508657521925
683,4.26875e-05,250000,1.054508657521925
684,4.275e-05,250000,1.054508657521925
685,4.28125e-05,250000,1.054508657521925
686,4.2875e-05,250000,1.054508657521925
687,4.29375e-05,250000,1.054508657521925
688,4.3e-05,250000,1.054508657521925
689,4.30625e-05,250000,1.054508657521925
690,4.3125e-05,250000,1.054508657521925
691,4.31875e-05,250000,1.054508657521925
692,4.325e-05,250000,1.054508657521925
693,4.33125e-05,250000,1.054508657521925
694,4.3375e-05,250000,1.054508657521925
695,4.34375e-05,250000,1.054508657521925
696,4.35e-05,250000,1.054508657521925
697,4.35625e-05,250000,1.054508657521925
698,4.3625e-05,250000,1.054508657521925
699,4.36875e-05,250000,1.054508657521925
700,4.375e-05,250000,1.054508657521925
701,4.38125e-05,250000,1.054508657521925
702,4.3875e-05,250000,1.054508657521925
703,4.39375e-05,250000,1.054508657521925
704,4.4e-05,250000,1.054508657521925
705,4.40625e-05,250000,1.054508657521925
706,4.4125e-05,250000,1.054508657521925
707,4.41875e-05,250000,1.054508657521925
708,4.425e-05,250000,1.054508657521925
709,4.43125e-05,250000,1.054508657521925
710,4.4375e-05,250000,1.054508657521925
711,4.44375e-05,250000,1.054508657521925
712,4.45e-05,250000,1.054508657521925
713,4.45625e-05,250000,1.054508657521925
714,4.4625e-05,250000,1.054508657521925
715,4.46875e-05,250000,1.054508657521925
716,4.475e-05,249998,1.054508621542613
717,4.48125e-05,249996,1.0545085855633012
718,4.4875e-05,249992,1.0545085136046772
719,4.49375e-05,249976,1.054508225770182
720,4.5e-05,249938,1.0545075421632562
721,4.50625e-05,249848,1.0545059230942209
722,4.5125e-05,249646,1.0545022891837195
723,4.51875e-05,249218,1.0544945896109736
724,4.525e-05,248360,1.0544791544861705
725,4.53125e-05,246734,1.0544499033055992
726,4.5375e-05,243818,1.0543974454688554
727,4.54375e-05,238874,1.0543085046098493
728,4.55e-05,230940,1.0541657746795592
729,4.55625e-05,218898,1.0539491432426356
730,4.5625e-05,201612,1.0536381740499212
731,4.56875e-05,178140,1.0532159208455139
732,4.575e-05,147990,1.0526735327186867
733,4.58125e-05,111364,1.0520146435799416
734,4.5875e-05,69276,1.0512574949404092
735,4.59375e-05,23522,1.0504343962221723
736,4.6e-05,-23522,1.0495880908477626
737,4.60625e-05,-69276,1.0487649921295255
738,4.6125e-05,-111364,1.0480078434899933
739,4.61875e-05,-147990,1.047348954351248
740,4.625e-05,-178140,1.046806566224421
741,4.63125e-05,-201612,1.0463843130200134
742,4.6375e-05,-218898,1.0460733438272993
743,4.64375e-05,-230940,1.0458567123903755
744,4.65e-05,-238874,1.0457139824600854
745,4.65625e-05,-243818,1.0456250416010793
746,4.6625e-05,-246734,1.0455725837643355
747,4.66875e-05,-248360,1.0455433325837644
748,4.675e-05,-249216,1.045527933438273
749,4.68125e-05,-249642,1.0455202698448391
750,4.6875e-05,-249840,1.0455167078929615
751,4.69375e-05,-249914,1.0455153766584213
752,4.7e-05,-249914,1.0455153766584213
753,4.70625e-05,-249840,1.0455167078929615
754,4.7125e-05,-249642,1.0455202698448391
755,4.71875e-05,-249216,1.045527933438273
756,4.725e-05,-248360,1.0455433325837644
757,4.73125e-05,-246734,1.0455725837643355
758,4.7375e-05,-243818,1.0456250416010793
759,4.74375e-05,-238874,1.0457139824600854
760,4.75e-05,-230940,1.0458567123903755
761,4.75625e-05,-218898,1.0460733438272993
762,4.7625e-05,-201612,1.0463843130200134
763,4.76875e-05,-178140,1.046806566224421
764,4.775e-05,-147990,1.047348954351248
765,4.78125e-05,-111364,1.0480078434899933
766,4.7875e-05,-69276,1.0487649921295255
767,4.79375e-05,-23522,1.0495880908477626
768,4.8e-05,23522,1.0504343962221723
769,4.80625e-05,69276,1.0512574949404092
770,4.8125e-05,111364,1.0520146435799416
771,4.81875e-05,147990,1.0526735327186867
772,4.825e-05,178140,1.0532159208455139
773,4.83125e-05,201612,1.0536381740499212
774,4.8375e-05,218898,1.0539491432426356
775,4.84375e-05,230940,1.0541657746795592
776,4.85e-05,238874,1.0543085046098493
777,4.85625e-05,243818,1.0543974454688554
778,4.8625e-05,246734,1.0544499033055992
779,4.86875e-05,248360,1.0544791544861705
780,4.875e-05,249216,1.054494553631662
781,4.88125e-05,249642,1.0545022172250955
782,4.8875e-05,249840,1.0545057791769732
783,4.89375e-05,249914,1.0545071104115133
784,4.9e-05,249914,1.0545071104115133
785,4.90625e-05,249840,1.0545057791769732
786,4.9125e-05,249642,1.0545022172250955
787,4.91875e-05,249216,1.054494553631662
788,4.925e-05,248360,1.0544791544861705
789,4.93125e-05,246734,1.0544499033055992
790,4.9375e-05,243818,1.0543974454688554
791,4.94375e-05,238874,1.0543085046098493
792,4.95e-05,230940,1.0541657746795592
793,4.95625e-05,218898,1.0539491432426356
794,4.9625e-05,201612,1.0536381740499212
795,4.96875e-05,178140,1.0532159208455139
796,4.975e-05,147990,1.0526735327186867
797,4.98125e-05,111364,1.0520146435799416
798,4.9875e-05,69276,1.0512574949404092
799,4.99375e-05,23522,1.0504343962221723
800,5e-05,-23522,1.0495880908477626
801,5.00625e-05,-69276,1.0487649921295255
802,5.0125e-05,-111364,1.0480078434899933
803,5.01875e-05,-147990,1.047348954351248
804,5.025e-05,-178140,1.046806566224421
805,5.03125e-05,-201612,1.0463843130200134
806,5.0375e-05,-218898,1.0460733438272993
807,5.04375e-05,-230940,1.0458567123903755
808,5.05e-05,-238874,1.0457139824600854
809,5.05625e-05,-243818,1.0456250416010793
810,5.0625e-05,-246734,1.0455725837643355
811,5.06875e-05,-248360,1.0455433325837644
812,5.075e-05,-249218,1.045527897458961
813,5.08125e-05,-249646,1.0455201978862154
814,5.0875e-05,-249848,1.045516563975714
815,5.09375e-05,-249938,1.0455149449066787
816,5.1e-05,-249976,1.0455142612997526
817,5.10625e-05,-249992,1.0455139734652574
818,5.1125e-05,-249996,1.0455139015066337
819,5.11875e-05,-249998,1.0455138655273217
820,5.125e-05,-250000,1.04551382954801
821,5.13125e-05,-250000,1.04551382954801
822,5.1375e-05,-250000,1.04551382954801
823,5.14375e-05,-250000,1.04551382954801
824,5.15e-05,-250000,1.04551382954801
825,5.15625e-05,-250000,1.04551382954801
826,5.1625e-05,-250000,1.04551382954801
827,5.16875e-05,-250000,1.04551382954801
828,5.175e-05,-250000,1.04551382954801
829,5.18125e-05,-250000,1.04551382954801
830,5.1875e-05,-250000,1.04551382954801
831,5.19375e-05,-250000,1.04551382954801
832,5.2e-05,-250000,1.04551382954801
833,5.20625e-05,-250000,1.04551382954801
834,5.2125e-05,-250000,1.04551382954801
835,5.21875e-05,-250000,1.04551382954801
836,5.225e-05,-250000,1.04551382954801
837,5.23125e-05,-250000,1.04551382954801
838,5.2375e-05,-250000,1.04551382954801
839,5.24375e-05,-250000,1.04551382954801
840,5.25e-05,-250000,1.04551382954801
841,5.25625e-05,-250000,1.04551382954801
842,5.2625e-05,-250000,1.04551382954801
843,5.26875e-05,-250000,1.04551382954801
844,5.275e-05,-250000,1.04551382954801
845,5.28125e-05,-250000,1.04551382954801
846,5.2875e-05,-250000,1.04551382954801
847,5.29375e-05,-250000,1.04551382954801
848,5.3e-05,-250000,1.04551382954801
849,5.30625e-05,-250000,1.04551382954801
850,5.3125e-05,-250000,1.04551382954801
851,5.31875e-05,-250000,1.04551382954801
852,5.325e-05,-250000,1.04551382954801
853,5.33125e-05,-250000,1.04551382954801
854,5.3375e-05,-250000,1.04551382954801
855,5.34375e-05,-250000,1.04551382954801
856,5.35e-05,-250000,1.04551382954801
857,5.35625e-05,-250000,1.04551382954801
858,5.3625e-05,-250000,1.04551382954801
859,5.36875e-05,-250000,1.04551382954801
860,5.375e-05,-250000,1.04551382954801
861,5.38125e-05,-250000,1.04551382954801
862,5.3875e-05,-250000,1.04551382954801
863,5.39375e-05,-250000,1.04551382954801
864,5.4e-05,-250000,1.04551382954801
865,5.40625e-05,-250000,1.04551382954801
866,5.4125e-05,-250000,1.04551382954801
867,5.41875e-05,-250000,1.04551382954801
868,5.425e-05,-250000,1.04551382954801
869,5.43125e-05,-250000,1.04551382954801
870,5.4375e-05,-250000,1.04551382954801
871,5.44375e-05,-250000,1.04551382954801
872,5.45e-05,-250000,1.04551382954801
873,5.45625e-05,-250000,1.04551382954801
874,5.4625e-05,-250000,1.04551382954801
875,5.46875e-05,-250000,1.04551382954801
876,5.475e-05,-249998,1.0455138655273217
877,5.48125e-05,-249996,1.0455139015066337
878,5.4875e-05,-249992,1.0455139734652574
879,5.49375e-05,-249976,1.0455142612997526
880,5.5e-05,-249938,1.0455149449066787
881,5.50625e-05,-249848,1.045516563975714
882,5.5125e-05,-249646,1.0455201978862154
883,5.51875e-05,-249218,1.045527897458961
884,5.525e-05,-248360,1.0455433325837644
885,5.53125e-05,-246734,1.0455725837643355
886,5.5375e-05,-243818,1.0456250416010793
887,5.54375e-05,-238874,1.0457139824600854
888,5.55e-05,-230940,1.0458567123903755
889,5.55625e-05,-218898,1.0460733438272993
890,5.5625e-05,-201612,1.0463843130200134
891,5.56875e-05,-178140,1.046806566224421
892,5.575e-05,-147990,1.047348954351248
893,5.58125e-05,-111364,1.0480078434899933
894,5.5875e-05,-69276,1.0487649921295255
895,5.59375e-05,-23522,1.0495880908477626
896,5.6e-05,23522,1.0504343962221723
897,5.60625e-05,69276,1.0512574949404092
898,5.6125e-05,111364,1.0520146435799416
899,5.61875e-05,147990,1.0526735327186867
900,5.625e-05,178140,1.0532159208455139
901,5.63125e-05,201612,1.0536381740499212
902,5.6375e-05,218898,1.0539491432426356
903,5.64375e-05,230940,1.0541657746795592
904,5.65e-05,238874,1.0543085046098493
905,5.65625e-05,243818,1.0543974454688554
906,5.6625e-05,246734,1.0544499033055992
907,5.66875e-05,248360,1.0544791544861705
908,5.675e-05,249216,1.054494553631662
909,5.68125e-05,249642,1.0545022172250955
910,5.6875e-05,249840,1.0545057791769732
911,5.69375e-05,249914,1.0545071104115133
912,5.7e-05,249914,1.0545071104115133
913,5.70625e-05,249840,1.0545057791769732
914,5.7125e-05,249642,1.0545022172250955
915,5.71875e-05,249216,1.054494553631662
916,5.725e-05,248360,1.0544791544861705
917,5.73125e-05,246734,1.0544499033055992
918,5.7375e-05,243818,1.0543974454688554
919,5.74375e-05,238874,1.0543085046098493
920,5.75e-05,230940,1.0541657746795592
921,5.75625e-05,218898,1.0539491432426356
922,5.7625e-05,201612,1.0536381740499212
923,5.76875e-05,178140,1.0532159208455139
924,5.775e-05,147992,1.0526735686979987
925,5.78125e-05,111368,1.0520147155385653
926,5.7875e-05,69284,1.0512576388576569
927,5.79375e-05,23546,1.050434827973915
928,5.8e-05,-23460,1.0495892062064314
929,5.80625e-05,-69124,1.0487677265572295
930,5.8125e-05,-111010,1.0480142118281988
931,5.81875e-05,-147208,1.0473630222621992
932,5.825e-05,-176500,1.0468360692601755
933,5.83125e-05,-198346,1.0464430672363392
934,5.8375e-05,-212716,1.0461845558803688
935,5.84375e-05,-219814,1.0460568653024511
936,5.85e-05,-219814,1.0460568653024511
937,5.85625e-05,-212716,1.0461845558803688
938,5.8625e-05,-198346,1.0464430672363392
939,5.86875e-05,-176500,1.0468360692601755
940,5.875e-05,-147208,1.0473630222621992
941,5.88125e-05,-111010,1.0480142118281988
942,5.8875e-05,-69124,1.0487677265572295
943,5.89375e-05,-23460,1.0495892062064314
944,5.9e-05,23546,1.050434827973915
945,5.90625e-05,69284,1.0512576388576569
946,5.9125e-05,111368,1.0520147155385653
947,5.91875e-05,147992,1.0526735686979987
948,5.925e-05,178140,1.0532159208455139
949,5.93125e-05,201612,1.0536381740499212
950,5.9375e-05,218898,1.0539491432426356
951,5.94375e-05,230940,1.0541657746795592
952,5.95e-05,238874,1.0543085046098493
953,5.95625e-05,243818,1.0543974454688554
954,5.9625e-05,246734,1.0544499033055992
955,5.96875e-05,248360,1.0544791544861705
956,5.975e-05,249216,1.054494553631662
957,5.98125e-05,249642,1.0545022172250955
958,5.9875e-05,249840,1.0545057791769732
959,5.99375e-05,249914,1.0545071104115133
960,6e-05,249914,1.0545071104115133
961,6.00625e-05,249840,1.0545057791769732
962,6.0125e-05,249642,1.0545022172250955
963,6.01875e-05,249216,1.054494553631662
964,6.025e-05,248360,1.0544791544861705
965,6.03125e-05,246734,1.0544499033055992
966,6.0375e-05,243818,1.0543974454688554
967,6.04375e-05,238874,1.0543085046098493
968,6.05e-05,230940,1.0541657746795592
969,6.05625e-05,218898,1.0539491432426356
970,6.0625e-05,201612,1.0536381740499212
971,6.06875e-05,178140,1.0532159208455139
972,6.075e-05,147992,1.0526735686979987
973,6.08125e-05,111368,1.0520147155385653
974,6.0875e-05,69284,1.0512576388576569
975,6.09375e-05,23546,1.050434827973915
976,6.1e-05,-23460,1.0495892062064314
977,6.10625e-05,-69124,1.0487677265572295
978,6.1125e-05,-111010,1.0480142118281988
979,6.11875e-05,-147208,1.0473630222621992
980,6.125e-05,-176500,1.0468360692601755
981,6.13125e-05,-198346,1.0464430672363392
982,6.1375e-05,-212716,1.0461845558803688
983,6.14375e-05,-219814,1.0460568653024511
984,6.15e-05,-219814,1.0460568653024511
985,6.15625e-05,-212716,1.0461845558803688
986,6.1625e-05,-198346,1.0464430672363392
987,6.16875e-05,-176500,1.0468360692601755
988,6.175e-05,-147210,1.0473629862828873
989,6.18125e-05,-111014,1.048014139869575
990,6.1875e-05,-69132,1.048767582639982
991,6.19375e-05,-23484,1.0495887744546886
992,6.2e-05,23484,1.0504337126152463
993,6.20625e-05,69132,1.0512549044299528
994,6.2125e-05,111014,1.0520083472003599
995,6.21875e-05,147210,1.0526595007870474
996,6.225e-05,176500,1.0531864178097594
997,6.23125e-05,198346,1.0535794198335957
998,6.2375e-05,212716,1.053837931189566
999,6.24375e-05,219814,1.0539656217674838
1000,6.25e-05,219814,1.0539656217674838
1001,6.25625e-05,212716,1.053837931189566
1002,6.2625e-05,198346,1.0535794198335957
1003,6.26875e-05,176500,1.0531864178097594
1004,6.275e-05,147210,1.0526595007870474
1005,6.28125e-05,111014,1.0520083472003599
1006,6.2875e-05,69132,1.0512549044299528
1007,6.29375e-05,23484,1.0504337126152463
1008,6.3e-05,-23484,1.0495887744546886
1009,6.30625e-05,-69132,1.048767582639982
1010,6.3125e-05,-111014,1.048014139869575
1011,6.31875e-05,-147210,1.0473629862828873
1012,6.325e-05,-176500,1.0468360692601755
1013,6.33125e-05,-198346,1.0464430672363392
1014,6.3375e-05,-212716,1.0461845558803688
1015,6.34375e-05,-219814,1.0460568653024511
1016,6.35e-05,-219814,1.0460568653024511
1017,6.35625e-05,-212716,1.0461845558803688
1018,6.3625e-05,-198346,1.0464430672363392
1019,6.36875e-05,-176500,1.0468360692601755
1020,6.375e-05,-147210,1.0473629862828873
1021,6.38125e-05,-111014,1.048014139869575
1022,6.3875e-05,-69132,1.048767582639982
1023,6.39375e-05,-23484,1.0495887744546886
1024,6.4e-05,23484,1.0504337126152463
1025,6.40625e-05,69132,1.0512549044299528
1026,6.4125e-05,111014,1.0520083472003599
1027,6.41875e-05,147210,1.0526595007870474
1028,6.425e-05,176500,1.0531864178097594
1029,6.43125e-05,198346,1.0535794198335957
1030,6.4375e-05,212716,1.053837931189566
1031,6.44375e-05,219814,1.0539656217674838
1032,6.45e-05,219814,1.0539656217674838
1033,6.45625e-05,212716,1.053837931189566
1034,6.4625e-05,198346,1.0535794198335957
1035,6.46875e-05,176500,1.0531864178097594
1036,6.475e-05,147210,1.0526595007870474
1037,6.48125e-05,111014,1.0520083472003599
1038,6.4875e-05,69132,1.0512549044299528
1039,6.49375e-05,23484,1.0504337126152463
1040,6.5e-05,-23484,1.0495887744546886
1041,6.50625e-05,-69132,1.048767582639982
1042,6.5125e-05,-111014,1.048014139869575
1043,6.51875e-05,-147210,1.0473629862828873
1044,6.525e-05,-176500,1.0468360692601755
1045,6.53125e-05,-198346,1.0464430672363392
1046,6.5375e-05,-212716,1.0461845558803688
1047,6.54375e-05,-219814,1.0460568653024511
1048,6.55e-05,-219814,1.0460568653024511
1049,6.55625e-05,-212716,1.0461845558803688
1050,6.5625e-05,-198346,1.0464430672363392
1051,6.56875e-05,-176500,1.0468360692601755
1052,6.575e-05,-147208,1.0473630222621992
1053,6.58125e-05,-111010,1.0480142118281988
1054,6.5875e-05,-69124,1.0487677265572295
1055,6.59375e-05,-23460,1.0495892062064314
1056,6.6e-05,23546,1.050434827973915
1057,6.60625e-05,69284,1.0512576388576569
1058,6.6125e-05,111368,1.0520147155385653
1059,6.61875e-05,147992,1.0526735686979987
1060,6.625e-05,178140,1.0532159208455139
1061,6.63125e-05,201612,1.0536381740499212
1062,6.6375e-05,218898,1.0539491432426356
1063,6.64375e-05,230940,1.0541657746795592
1064,6.65e-05,238874,1.0543085046098493
1065,6.65625e-05,243818,1.0543974454688554
1066,6.6625e-05,246734,1.0544499033055992
1067,6.66875e-05,248360,1.0544791544861705
1068,6.675e-05,249218,1.0544945896109736
1069,6.68125e-05,249646,1.0545022891837195
1070,6.6875e-05,249848,1.0545059230942209
1071,6.69375e-05,249938,1.0545075421632562
1072,6.7e-05,249976,1.054508225770182
1073,6.70625e-05,249992,1.0545085136046772
1074,6.7125e-05,249996,1.0545085855633012
1075,6.71875e-05,249998,1.054508621542613
1076,6.725e-05,250000,1.054508657521925
1077,6.73125e-05,250000,1.054508657521925
1078,6.7375e-05,250000,1.054508657521925
1079,6.74375e-05,250000,1.054508657521925
1080,6.75e-05,250000,1.054508657521925
1081,6.75625e-05,250000,1.054508657521925
1082,6.7625e-05,250000,1.054508657521925
1083,6.76875e-05,250000,1.054508657521925
1084,6.775e-05,250000,1.054508657521925
1085,6.78125e-05,250000,1.054508657521925
1086,6.7875e-05,250000,1.054508657521925
1087,6.79375e-05,250000,1.054508657521925
1088,6.8e-05,250000,1.054508657521925
1089,6.80625e-05,250000,1.054508657521925
1090,6.8125e-05,250000,1.054508657521925
1091,6.81875e-05,250000,1.054508657521925
1092,6.825e-05,250000,1.054508657521925
1093,6.83125e-05,250000,1.054508657521925
1094,6.8375e-05,250000,1.054508657521925
1095,6.84375e-05,250000,1.054508657521925
1096,6.85e-05,250000,1.054508657521925
1097,6.85625e-05,250000,1.054508657521925
1098,6.8625e-05,250000,1.054508657521925
1099,6.86875e-05,250000,1.054508657521925
1100,6.875e-05,249998,1.054508621542613
1101,6.88125e-05,249996,1.0545085855633012
1102,6.8875e-05,249992,1.0545085136046772
1103,6.89375e-05,249976,1.054508225770182
1104,6.9e-05,249938,1.0545075421632562
1105,6.90625e-05,249848,1.0545059230942209
1106,6.9125e-05,249646,1.0545022891837195
1107,6.91875e-05,249218,1.0544945896109736
1108,6.925e-05,248360,1.0544791544861705
1109,6.93125e-05,246734,1.0544499033055992
1110,6.9375e-05,243818,1.0543974454688554
1111,6.94375e-05,238874,1.0543085046098493
1112,6.95e-05,230940,1.0541657746795592
1113,6.95625e-05,218898,1.0539491432426356
1114,6.9625e-05,201612,1.0536381740499212
1115,6.96875e-05,178140,1.0532159208455139
1116,6.975e-05,147990,1.0526735327186867
1117,6.98125e-05,111364,1.0520146435799416
1118,6.9875e-05,69276,1.0512574949404092
1119,6.99375e-05,23522,1.0504343962221723
1120,7e-05,-23522,1.0495880908477626
1121,7.00625e-05,-69276,1.0487649921295255
1122,7.0125e-05,-111364,1.0480078434899933
1123,7.01875e-05,-147990,1.047348954351248
1124,7.025e-05,-178140,1.046806566224421
1125,7.03125e-05,-201612,1.0463843130200134
1126,7.0375e-05,-218898,1.0460733438272993
1127,7.04375e-05,-230940,1.0458567123903755
1128,7.05e-05,-238874,1.0457139824600854
1129,7.05625e-05,-243818,1.0456250416010793
1130,7.0625e-05,-246734,1.0455725837643355
1131,7.06875e-05,-248360,1.0455433325837644
1132,7.075e-05,-249216,1.045527933438273
1133,7.08125e-05,-249642,1.0455202698448391
1134,7.0875e-05,-249840,1.0455167078929615
1135,7.09375e-05,-249914,1.0455153766584213
1136,7.1e-05,-249914,1.0455153766584213
1137,7.10625e-05,-249840,1.0455167078929615
1138,7.1125e-05,-249642,1.0455202698448391
1139,7.11875e-05,-249216,1.045527933438273
1140,7.125e-05,-248360,1.0455433325837644
1141,7.13125e-05,-246734,1.0455725837643355
1142,7.1375e-05,-243818,1.0456250416010793
1143,7.14375e-05,-238874,1.0457139824600854
1144,7.15e-05,-230940,1.0458567123903755
1145,7.15625e-05,-218898,1.0460733438272993
1146,7.1625e-05,-201612,1.0463843130200134
1147,7.16875e-05,-178140,1.046806566224421
1148,7.175e-05,-147992,1.0473489183719362
1149,7.18125e-05,-111368,1.0480077715313694
1150,7.1875e-05,-69284,1.048764848212278
1151,7.19375e-05,-23546,1.0495876590960198
1152,7.2e-05,23460,1.0504332808635035
1153,7.20625e-05,69124,1.0512547605127052
1154,7.2125e-05,111010,1.052008275241736
1155,7.21875e-05,147208,1.0526594648077356
1156,7.225e-05,176500,1.0531864178097594
1157,7.23125e-05,198346,1.0535794198335957
1158,7.2375e-05,212716,1.053837931189566
1159,7.24375e-05,219814,1.0539656217674838
1160,7.25e-05,219814,1.0539656217674838
1161,7.25625e-05,212716,1.053837931189566
1162,7.2625e-05,198346,1.0535794198335957
1163,7.26875e-05,176500,1.0531864178097594
1164,7.275e-05,147208,1.0526594648077356
1165,7.28125e-05,111010,1.052008275241736
1166,7.2875e-05,69124,1.0512547605127052
1167,7.29375e-05,23460,1.0504332808635035
1168,7.3e-05,-23546,1.0495876590960198
1169,7.30625e-05,-69284,1.048764848212278
1170,7.3125e-05,-111368,1.0480077715313694
1171,7.31875e-05,-147992,1.0473489183719362
1172,7.325e-05,-178140,1.046806566224421
1173,7.33125e-05,-201612,1.0463843130200134
1174,7.3375e-05,-218898,1.0460733438272993
1175,7.34375e-05,-230940,1.0458567123903755
1176,7.35e-05,-238874,1.0457139824600854
1177,7.35625e-05,-243818,1.0456250416010793
1178,7.3625e-05,-246734,1.0455725837643355
1179,7.36875e-05,-248360,1.0455433325837644
1180,7.375e-05,-249216,1.045527933438273
1181,7.38125e-05,-249642,1.0455202698448391
1182,7.3875e-05,-249840,1.0455167078929615
1183,7.39375e-05,-249914,1.0455153766584213
1184,7.4e-05,-249914,1.0455153766584213
1185,7.40625e-05,-249840,1.0455167078929615
1186,7.4125e-05,-249642,1.0455202698448391
1187,7.41875e-05,-249216,1.045527933438273
1188,7.425e-05,-248360,1.0455433325837644
1189,7.43125e-05,-246734,1.0455725837643355
1190,7.4375e-05,-243818,1.0456250416010793
1191,7.44375e-05,-238874,1.0457139824600854
1192,7.45e-05,-230940,1.0458567123903755
1193,7.45625e-05,-218898,1.0460733438272993
1194,7.4625e-05,-201612,1.0463843130200134
1195,7.46875e-05,-178140,1.046806566224421
1196,7.475e-05,-147992,1.0473489183719362
1197,7.48125e-05,-111368,1.0480077715313694
1198,7.4875e-05,-69284,1.048764848212278
1199,7.49375e-05,-23546,1.0495876590960198
1200,7.5e-05,23460,1.0504332808635035
1201,7.50625e-05,69124,1.0512547605127052
1202,7.5125e-05,111010,1.052008275241736
1203,7.51875e-05,147208,1.0526594648077356
1204,7.525e-05,176500,1.0531864178097594
1205,7.53125e-05,198346,1.0535794198335957
1206,7.5375e-05,212716,1.053837931189566
1207,7.54375e-05,219814,1.0539656217674838
1208,7.55e-05,219814,1.0539656217674838
1209,7.55625e-05,212716,1.053837931189566
1210,7.5625e-05,198346,1.0535794198335957
1211,7.56875e-05,176500,1.0531864178097594
1212,7.575e-05,147208,1.0526594648077356
1213,7.58125e-05,111010,1.052008275241736
1214,7.5875e-05,69124,1.0512547605127052
1215,7.59375e-05,23460,1.0504332808635035
1216,7.6e-05,-23546,1.0495876590960198
1217,7.60625e-05,-69284,1.048764848212278
1218,7.6125e-05,-111368,1.0480077715313694
1219,7.61875e-05,-147992,1.0473489183719362
1220,7.625e-05,-178140,1.046806566224421
1221,7.63125e-05,-201612,1.0463843130200134
1222,7.6375e-05,-218898,1.0460733438272993
1223,7.64375e-05,-230940,1.0458567123903755
1224,7.65e-05,-238874,1.0457139824600854
1225,7.65625e-05,-243818,1.0456250416010793
1226,7.6625e-05,-246734,1.0455725837643355
1227,7.66875e-05,-248360,1.0455433325837644
1228,7.675e-05,-249218,1.045527897458961
1229,7.68125e-05,-249646,1.0455201978862154
1230,7.6875e-05,-249848,1.045516563975714
1231,7.69375e-05,-249938,1.0455149449066787
1232,7.7e-05,-249976,1.0455142612997526
1233,7.70625e-05,-249992,1.0455139734652574
1234,7.7125e-05,-249996,1.0455139015066337
1235,7.71875e-05,-249998,1.0455138655273217
1236,7.725e-05,-250000,1.04551382954801
1237,7.73125e-05,-250000,1.04551382954801
1238,7.7375e-05,-250000,1.04551382954801
1239,7.74375e-05,-250000,1.04551382954801
1240,7.75e-05,-250000,1.04551382954801
1241,7.75625e-05,-250000,1.04551382954801
1242,7.7625e-05,-250000,1.04551382954801
1243,7.76875e-05,-250000,1.04551382954801
1244,7.775e-05,-250000,1.04551382954801
1245,7.78125e-05,-250000,1.04551382954801
1246,7.7875e-05,-250000,1.04551382954801
1247,7.79375e-05,-250000,1.04551382954801
1248,7.8e-05,-250000,1.04551382954801
1249,7.80625e-05,-250000,1.04551382954801
1250,7.8125e-05,-250000,1.04551382954801
1251,7.81875e-05,-250000,1.04551382954801
1252,7.825e-05,-250000,1.04551382954801
1253,7.83125e-05,-250000,1.04551382954801
1254,7.8375e-05,-250000,1.04551382954801
1255,7.84375e-05,-250000,1.04551382954801
1256,7.85e-05,-250000,1.04551382954801
1257,7.85625e-05,-250000,1.04551382954801
1258,7.8625e-05,-250000,1.04551382954801
1259,7.86875e-05,-250000,1.04551382954801
1260,7.875e-05,-249998,1.0455138655273217
1261,7.88125e-05,-249996,1.0455139015066337
1262,7.8875e-05,-249992,1.0455139734652574
1263,7.89375e-05,-249976,1.0455142612997526
1264,7.9e-05,-249938,1.0455149449066787
1265,7.90625e-05,-249848,1.045516563975714
1266,7.9125e-05,-249646,1.0455201978862154
1267,7.91875e-05,-249218,1.045527897458961
1268,7.925e-05,-248360,1.0455433325837644
1269,7.93125e-05,-246734,1.0455725837643355
1270,7.9375e-05,-243818,1.0456250416010793
1271,7.94375e-05,-238874,1.0457139824600854
1272,7.95e-05,-230940,1.0458567123903755
1273,7.95625e-05,-218898,1.0460733438272993
1274,7.9625e-05,-201612,1.0463843130200134
1275,7.96875e-05,-178140,1.046806566224421
1276,7.975e-05,-147990,1.047348954351248
1277,7.98125e-05,-111364,1.0480078434899933
1278,7.9875e-05,-69276,1.0487649921295255
1279,7.99375e-05,-23522,1.0495880908477626
1280,8e-05,23522,1.0504343962221723
1281,8.00625e-05,69276,1.0512574949404092
1282,8.0125e-05,111364,1.0520146435799416
1283,8.01875e-05,147990,1.0526735327186867
1284,8.025e-05,178140,1.0532159208455139
1285,8.03125e-05,201612,1.0536381740499212
1286,8.0375e-05,218898,1.0539491432426356
1287,8.04375e-05,230940,1.0541657746795592
1288,8.05e-05,238874,1.0543085046098493
1289,8.05625e-05,243818,1.0543974454688554
1290,8.0625e-05,246734,1.0544499033055992
1291,8.06875e-05,248360,1.0544791544861705
1292,8.075e-05,249218,1.0544945896109736
1293,8.08125e-05,249646,1.0545022891837195
1294,8.0875e-05,249848,1.0545059230942209
1295,8.09375e-05,249938,1.0545075421632562
1296,8.1e-05,249976,1.054508225770182
1297,8.10625e-05,249992,1.0545085136046772
1298,8.1125e-05,249996,1.0545085855633012
1299,8.11875e-05,249998,1.054508621542613
1300,8.125e-05,250000,1.054508657521925
1301,8.13125e-05,250000,1.054508657521925
1302,8.1375e-05,250000,1.054508657521925
1303,8.14375e-05,250000,1.054508657521925
1304,8.15e-05,250000,1.054508657521925
1305,8.15625e-05,250000,1.054508657521925
1306,8.1625e-05,250000,1.054508657521925
1307,8.16875e-05,250000,1.054508657521925
1308,8.175e-05,250000,1.054508657521925
1309,8.18125e-05,250000,1.054508657521925
1310,8.1875e-05,250000,1.054508657521925
1311,8.19375e-05,250000,1.054508657521925
1312,8.2e-05,250000,1.054508657521925
1313,8.20625e-05,250000,1.054508657521925
1314,8.2125e-05,250000,1.054508657521925
1315,8.21875e-05,250000,1.054508657521925
1316,8.225e-05,250000,1.054508657521925
1317,8.23125e-05,250000,1.054508657521925
1318,8.2375e-05,250000,1.054508657521925
1319,8.24375e-05,250000,1.054508657521925
1320,8.25e-05,250000,1.054508657521925
1321,8.25625e-05,250000,1.054508657521925
1322,8.2625e-05,250000,1.054508657521925
1323,8.26875e-05,250000,1.054508657521925
1324,8.275e-05,250000,1.054508657521925
1325,8.28125e-05,250000,1.054508657521925
1326,8.2875e-05,250000,1.054508657521925
1327,8.29375e-05,250000,1.054508657521925
1328,8.3e-05,250000,1.054508657521925
1329,8.30625e-05,250000,1.054508657521925
1330,8.3125e-05,250000,1.054508657521925
1331,8.31875e-05,250000,1.054508657521925
1332,8.325e-05,250000,1.054508657521925
1333,8.33125e-05,250000,1.054508657521925
1334,8.3375e-05,250000,1.054508657521925
1335,8.34375e-05,250000,1.054508657521925
1336,8.35e-05,250000,1.054508657521925
1337,8.35625e-05,250000,1.054508657521925
1338,8.3625e-05,250000,1.054508657521925
1339,8.36875e-05,250000,1.054508657521925
1340,8.375e-05,249998,1.054508621542613
1341,8.38125e-05,249996,1.0545085855633012
1342,8.3875e-05,249992,1.0545085136046772
1343,8.39375e-05,249976,1.054508225770182
1344,8.4e-05,249938,1.0545075421632562
1345,8.40625e-05,249848,1.0545059230942209
1346,8.4125e-05,249646,1.0545022891837195
1347,8.41875e-05,249218,1.0544945896109736
1348,8.425e-05,248360,1.0544791544861705
1349,8.43125e-05,246734,1.0544499033055992
1350,8.4375e-05,243818,1.0543974454688554
1351,8.44375e-05,238874,1.0543085046098493
1352,8.45e-05,230940,1.0541657746795592
1353,8.45625e-05,218898,1.0539491432426356
1354,8.4625e-05,201612,1.0536381740499212
1355,8.46875e-05,178140,1.0532159208455139
1356,8.475e-05,147990,1.0526735327186867
1357,8.48125e-05,111364,1.0520146435799416
1358,8.4875e-05,69276,1.0512574949404092
1359,8.49375e-05,23522,1.0504343962221723
1360,8.5e-05,-23522,1.0495880908477626
1361,8.50625e-05,-69276,1.0487649921295255
1362,8.5125e-05,-111364,1.0480078434899933
1363,8.51875e-05,-147990,1.047348954351248
1364,8.525e-05,-178140,1.046806566224421
1365,8.53125e-05,-201612,1.0463843130200134
1366,8.5375e-05,-218898,1.0460733438272993
1367,8.54375e-05,-230940,1.0458567123903755
1368,8.55e-05,-238874,1.0457139824600854
1369,8.55625e-05,-243818,1.0456250416010793
1370,8.5625e-05,-246734,1.0455725837643355
1371,8.56875e-05,-248360,1.0455433325837644
1372,8.575e-05,-249216,1.045527933438273
1373,8.58125e-05,-249642,1.0455202698448391
1374,8.5875e-05,-249840,1.0455167078929615
1375,8.59375e-05,-249914,1.0455153766584213
1376,8.6e-05,-249914,1.0455153766584213
1377,8.60625e-05,-249840,1.0455167078929615
1378,8.6125e-05,-249642,1.0455202698448391
1379,8.61875e-05,-249216,1.045527933438273
1380,8.625e-05,-248360,1.0455433325837644
1381,8.63125e-05,-246734,1.0455725837643355
1382,8.6375e-05,-243818,1.0456250416010793
1383,8.64375e-05,-238874,1.0457139824600854
1384,8.65e-05,-230940,1.0458567123903755
1385,8.65625e-05,-218898,1.0460733438272993
1386,8.6625e-05,-201612,1.0463843130200134
1387,8.66875e-05,-178140,1.046806566224421
1388,8.675e-05,-147990,1.047348954351248
1389,8.68125e-05,-111364,1.0480078434899933
1390,8.6875e-05,-69276,1.0487649921295255
1391,8.69375e-05,-23522,1.0495880908477626
1392,8.7e-05,23522,1.0504343962221723
1393,8.70625e-05,69276,1.0512574949404092
1394,8.7125e-05,111364,1.0520146435799416
1395,8.71875e-05,147990,1.0526735327186867
1396,8.725e-05,178140,1.0532159208455139
1397,8.73125e-05,201612,1.0536381740499212
1398,8.7375e-05,218898,1.0539491432426356
1399,8.74375e-05,230940,1.0541657746795592
1400,8.75e-05,238874,1.0543085046098493
1401,8.75625e-05,243818,1.0543974454688554
1402,8.7625e-05,246734,1.0544499033055992
1403,8.76875e-05,248360,1.0544791544861705
1404,8.775e-05,249216,1.054494553631662
1405,8.78125e-05,249642,1.0545022172250955
1406,8.7875e-05,249840,1.0545057791769732
1407,8.79375e-05,249914,1.0545071104115133
1408,8.8e-05,249914,1.0545071104115133
1409,8.80625e-05,249840,1.0545057791769732
1410,8.8125e-05,249642,1.0545022172250955
1411,8.81875e-05,249216,1.054494553631662
1412,8.825e-05,248360,1.0544791544861705
1413,8.83125e-05,246734,1.0544499033055992
1414,8.8375e-05,243818,1.0543974454688554
1415,8.84375e-05,238874,1.0543085046098493
1416,8.85e-05,230940,1.0541657746795592
1417,8.85625e-05,218898,1.0539491432426356
1418,8.8625e-05,201612,1.0536381740499212
1419,8.86875e-05,178140,1.0532159208455139
1420,8.875e-05,147990,1.0526735327186867
1421,8.88125e-05,111364,1.0520146435799416
1422,8.8875e-05,69276,1.0512574949404092
1423,8.89375e-05,23522,1.0504343962221723
1424,8.9e-05,-23522,1.0495880908477626
1425,8.90625e-05,-69276,1.0487649921295255
1426,8.9125e-05,-111364,1.0480078434899933
1427,8.91875e-05,-147990,1.047348954351248
1428,8.925e-05,-178140,1.046806566224421
1429,8.93125e-05,-201612,1.0463843130200134
1430,8.9375e-05,-218898,1.0460733438272993
1431,8.94375e-05,-230940,1.0458567123903755
1432,8.95e-05,-238874,1.0457139824600854
1433,8.95625e-05,-243818,1.0456250416010793
1434,8.9625e-05,-246734,1.0455725837643355
1435,8.96875e-05,-248360,1.0455433325837644
1436,8.975e-05,-249218,1.045527897458961
1437,8.98125e-05,-249646,1.0455201978862154
1438,8.9875e-05,-249848,1.045516563975714
1439,8.99375e-05,-249938,1.0455149449066787
1440,9e-05,-249976,1.0455142612997526
1441,9.00625e-05,-249992,1.0455139734652574
1442,9.0125e-05,-249996,1.0455139015066337
1443,9.01875e-05,-249998,1.0455138655273217
1444,9.025e-05,-250000,1.04551382954801
1445,9.03125e-05,-250000,1.04551382954801
1446,9.0375e-05,-250000,1.04551382954801
1447,9.04375e-05,-250000,1.04551382954801
1448,9.05e-05,-250000,1.04551382954801
1449,9.05625e-05,-250000,1.04551382954801
1450,9.0625e-05,-250000,1.04551382954801
1451,9.06875e-05,-250000,1.04551382954801
1452,9.075e-05,-250000,1.04551382954801
1453,9.08125e-05,-250000,1.04551382954801
1454,9.0875e-05,-250000,1.04551382954801
1455,9.09375e-05,-250000,1.04551382954801
1456,9.1e-05,-250000,1.04551382954801
1457,9.10625e-05,-250000,1.04551382954801
1458,9.1125e-05,-250000,1.04551382954801
1459,9.11875e-05,-250000,1.04551382954801
1460,9.125e-05,-250000,1.04551382954801
1461,9.13125e-05,-250000,1.04551382954801
1462,9.1375e-05,-250000,1.04551382954801
1463,9.14375e-05,-250000,1.04551382954801
1464,9.15e-05,-250000,1.04551382954801
1465,9.15625e-05,-250000,1.04551382954801
1466,9.1625e-05,-250000,1.04551382954801
1467,9.16875e-05,-250000,1.04551382954801
1468,9.175e-05,-249998,1.0455138655273217
1469,9.18125e-05,-249996,1.0455139015066337
1470,9.1875e-05,-249992,1.0455139734652574
1471,9.19375e-05,-249976,1.0455142612997526
1472,9.2e-05,-249938,1.0455149449066787
1473,9.20625e-05,-249848,1.045516563975714
1474,9.2125e-05,-249646,1.0455201978862154
1475,9.21875e-05,-249218,1.045527897458961
1476,9.225e-05,-248360,1.0455433325837644
1477,9.23125e-05,-246734,1.0455725837643355
1478,9.2375e-05,-243818,1.0456250416010793
1479,9.24375e-05,-238874,1.0457139824600854
1480,9.25e-05,-230940,1.0458567123903755
1481,9.25625e-05,-218898,1.0460733438272993
1482,9.2625e-05,-201612,1.0463843130200134
1483,9.26875e-05,-178140,1.046806566224421
1484,9.275e-05,-147990,1.047348954351248
1485,9.28125e-05,-111364,1.0480078434899933
1486,9.2875e-05,-69276,1.0487649921295255
1487,9.29375e-05,-23522,1.0495880908477626
1488,9.3e-05,23522,1.0504343962221723
1489,9.30625e-05,69276,1.0512574949404092
1490,9.3125e-05,111364,1.0520146435799416
1491,9.31875e-05,147990,1.0526735327186867
1492,9.325e-05,178140,1.0532159208455139
1493,9.33125e-05,201612,1.0536381740499212
1494,9.3375e-05,218898,1.0539491432426356
1495,9.34375e-05,230940,1.0541657746795592
1496,9.35e-05,238874,1.0543085046098493
1497,9.35625e-05,243818,1.0543974454688554
1498,9.3625e-05,246734,1.0544499033055992
1499,9.36875e-05,248360,1.0544791544861705
1500,9.375e-05,249218,1.0544945896109736
1501,9.38125e-05,249646,1.0545022891837195
1502,9.3875e-05,249848,1.0545059230942209
1503,9.39375e-05,249938,1.0545075421632562
1504,9.4e-05,249976,1.054508225770182
1505,9.40625e-05,249992,1.0545085136046772
1506,9.4125e-05,249996,1.0545085855633012
1507,9.41875e-05,249998,1.054508621542613
1508,9.425e-05,250000,1.054508657521925
1509,9.43125e-05,250000,1.054508657521925
1510,9.4375e-05,250000,1.054508657521925
1511,9.44375e-05,250000,1.054508657521925
1512,9.45e-05,250000,1.054508657521925
1513,9.45625e-05,250000,1.054508657521925
1514,9.4625e-05,250000,1.054508657521925
1515,9.46875e-05,250000,1.054508657521925
1516,9.475e-05,249998,1.054508621542613
1517,9.48125e-05,249996,1.0545085855633012
1518,9.4875e-05,249992,1.0545085136046772
1519,9.49375e-05,249976,1.054508225770182
1520,9.5e-05,249938,1.0545075421632562
1521,9.50625e-05,249848,1.0545059230942209
1522,9.5125e-05,249646,1.0545022891837195
1523,9.51875e-05,249218,1.0544945896109736
1524,9.525e-05,248360,1.0544791544861705
1525,9.53125e-05,246734,1.0544499033055992
1526,9.5375e-05,243818,1.0543974454688554
1527,9.54375e-05,238874,1.0543085046098493
1528,9.55e-05,230940,1.0541657746795592
1529,9.55625e-05,218898,1.0539491432426356
1530,9.5625e-05,201612,1.0536381740499212
1531,9.56875e-05,178140,1.0532159208455139
1532,9.575e-05,147992,1.0526735686979987
1533,9.58125e-05,111368,1.0520147155385653
1534,9.5875e-05,69284,1.0512576388576569
1535,9.59375e-05,23546,1.050434827973915
1536,9.6e-05,-23460,1.0495892062064314
1537,9.60625e-05,-69124,1.0487677265572295
1538,9.6125e-05,-111010,1.0480142118281988
1539,9.61875e-05,-147208,1.0473630222621992
1540,9.625e-05,-176500,1.0468360692601755
1541,9.63125e-05,-198346,1.0464430672363392
1542,9.6375e-05,-212716,1.0461845558803688
1543,9.64375e-05,-219814,1.0460568653024511
1544,9.65e-05,-219814,1.0460568653024511
1545,9.65625e-05,-212716,1.0461845558803688
1546,9.6625e-05,-198346,1.0464430672363392
1547,9.66875e-05,-176500,1.0468360692601755
1548,9.675e-05,-147210,1.0473629862828873
1549,9.68125e-05,-111014,1.048014139869575
1550,9.6875e-05,-69132,1.048767582639982
1551,9.69375e-05,-23484,1.0495887744546886
1552,9.7e-05,23484,1.0504337126152463
1553,9.70625e-05,69132,1.0512549044299528
1554,9.7125e-05,111014,1.0520083472003599
1555,9.71875e-05,147210,1.0526595007870474
1556,9.725e-05,176500,1.0531864178097594
1557,9.73125e-05,198346,1.0535794198335957
1558,9.7375e-05,212716,1.053837931189566
1559,9.74375e-05,219814,1.0539656217674838
1560,9.75e-05,219814,1.0539656217674838
1561,9.75625e-05,212716,1.053837931189566
1562,9.7625e-05,198346,1.0535794198335957
1563,9.76875e-05,176500,1.0531864178097594
1564,9.775e-05,147208,1.0526594648077356
1565,9.78125e-05,111010,1.052008275241736
1566,9.7875e-05,69124,1.0512547605127052
1567,9.79375e-05,23460,1.0504332808635035
1568,9.8e-05,-23546,1.0495876590960198
1569,9.80625e-05,-69284,1.048764848212278
1570,9.8125e-05,-111368,1.0480077715313694
1571,9.81875e-05,-147992,1.0473489183719362
1572,9.825e-05,-178140,1.046806566224421
1573,9.83125e-05,-201612,1.0463843130200134
1574,9.8375e-05,-218898,1.0460733438272993
1575,9.84375e-05,-230940,1.0458567123903755
1576,9.85e-05,-238874,1.0457139824600854
1577,9.85625e-05,-243818,1.0456250416010793
1578,9.8625e-05,-246734,1.0455725837643355
1579,9.86875e-05,-248360,1.0455433325837644
1580,9.875e-05,-249218,1.045527897458961
1581,9.88125e-05,-249646,1.0455201978862154
1582,9.8875e-05,-249848,1.045516563975714
1583,9.89375e-05,-249938,1.0455149449066787
1584,9.9e-05,-249976,1.0455142612997526
1585,9.90625e-05,-249992,1.0455139734652574
1586,9.9125e-05,-249996,1.0455139015066337
1587,9.91875e-05,-249998,1.0455138655273217
1588,9.925e-05,-250000,1.04551382954801
1589,9.93125e-05,-250000,1.04551382954801
1590,9.9375e-05,-250000,1.04551382954801
1591,9.94375e-05,-250000,1.04551382954801
1592,9.95e-05,-250000,1.04551382954801
1593,9.95625e-05,-250000,1.04551382954801
1594,9.9625e-05,-250000,1.04551382954801
1595,9.96875e-05,-250000,1.04551382954801
1596,9.975e-05,-250000,1.04551382954801
1597,9.98125e-05,-250000,1.04551382954801
1598,9.9875e-05,-250000,1.04551382954801
1599,9.99375e-05,-250000,1.04551382954801
1600,0.0001,-250000,1.04551382954801
1601,0.0001000625,-250000,1.04551382954801
1602,0.000100125,-250000,1.04551382954801
1603,0.0001001875,-250000,1.04551382954801
1604,0.00010025,-250000,1.04551382954801
1605,0.0001003125,-250000,1.04551382954801
1606,0.000100375,-250000,1.04551382954801
1607,0.0001004375,-250000,1.04551382954801
1608,0.0001005,-250000,1.04551382954801
1609,0.0001005625,-250000,1.04551382954801
1610,0.000100625,-250000,1.04551382954801
1611,0.0001006875,-250000,1.04551382954801
1612,0.00010075,-249998,1.0455138655273217
1613,0.0001008125,-249996,1.0455139015066337
1614,0.000100875,-249992,1.0455139734652574
1615,0.0001009375,-249976,1.0455142612997526
1616,0.000101,-249938,1.0455149449066787
1617,0.0001010625,-249848,1.045516563975714
1618,0.000101125,-249646,1.0455201978862154
1619,0.0001011875,-249218,1.045527897458961
1620,0.00010125,-248360,1.0455433325837644
1621,0.0001013125,-246734,1.0455725837643355
1622,0.000101375,-243818,1.0456250416010793
1623,0.0001014375,-238874,1.0457139824600854
1624,0.0001015,-230940,1.0458567123903755
1625,0.0001015625,-218898,1.0460733438272993
1626,0.000101625,-201612,1.0463843130200134
1627,0.0001016875,-178140,1.046806566224421
1628,0.00010175,-147990,1.047348954351248
1629,0.0001018125,-111364,1.0480078434899933
1630,0.000101875,-69276,1.0487649921295255
1631,0.0001019375,-23522,1.0495880908477626
1632,0.000102,23522,1.0504343962221723
1633,0.0001020625,69276,1.0512574949404092
1634,0.000102125,111364,1.0520146435799416
1635,0.0001021875,147990,1.0526735327186867
1636,0.00010225,178140,1.0532159208455139
1637,0.0001023125,201612,1.0536381740499212
1638,0.000102375,218898,1.0539491432426356
1639,0.0001024375,230940,1.0541657746795592
1640,0.0001025,238874,1.0543085046098493
1641,0.0001025625,243818,1.0543974454688554
1642,0.000102625,246734,1.0544499033055992
1643,0.0001026875,248360,1.0544791544861705
1644,0.00010275,249218,1.0544945896109736
1645,0.0001028125,249646,1.0545022891837195
1646,0.000102875,249848,1.0545059230942209
1647,0.0001029375,249938,1.0545075421632562
1648,0.000103,249976,1.054508225770182
1649,0.0001030625,249992,1.0545085136046772
1650,0.000103125,249996,1.0545085855633012
1651,0.0001031875,249998,1.054508621542613
1652,0.00010325,250000,1.054508657521925
1653,0.0001033125,250000,1.054508657521925
1654,0.000103375,250000,1.054508657521925
1655,0.0001034375,250000,1.054508657521925
1656,0.0001035,250000,1.054508657521925
1657,0.0001035625,250000,1.054508657521925
1658,0.000103625,250000,1.054508657521925
1659,0.0001036875,250000,1.054508657521925
1660,0.00010375,249998,1.054508621542613
1661,0.0001038125,249996,1.0545085855633012
1662,0.000103875,249992,1.0545085136046772
1663,0.0001039375,249976,1.054508225770182
1664,0.000104,249938,1.0545075421632562
1665,0.0001040625,249848,1.0545059230942209
1666,0.000104125,249646,1.0545022891837195
1667,0.0001041875,249218,1.0544945896109736
1668,0.00010425,248360,1.0544791544861705
1669,0.0001043125,246734,1.0544499033055992
1670,0.000104375,243818,1.0543974454688554
1671,0.0001044375,238874,1.0543085046098493
1672,0.0001045,230940,1.0541657746795592
1673,0.0001045625,218898,1.0539491432426356
1674,0.000104625,201612,1.0536381740499212
1675,0.0001046875,178140,1.0532159208455139
1676,0.00010475,147990,1.0526735327186867
1677,0.0001048125,111364,1.0520146435799416
1678,0.000104875,69276,1.0512574949404092
1679,0.0001049375,23522,1.0504343962221723
1680,0.000105,-23522,1.0495880908477626
1681,0.0001050625,-69276,1.0487649921295255
1682,0.000105125,-111364,1.0480078434899933
1683,0.0001051875,-147990,1.047348954351248
1684,0.00010525,-178140,1.046806566224421
1685,0.0001053125,-201612,1.0463843130200134
1686,0.000105375,-218898,1.0460733438272993
1687,0.0001054375,-230940,1.0458567123903755
1688,0.0001055,-238874,1.0457139824600854
1689,0.0001055625,-243818,1.0456250416010793
1690,0.000105625,-246734,1.0455725837643355
1691,0.0001056875,-248360,1.0455433325837644
1692,0.00010575,-249216,1.045527933438273
1693,0.0001058125,-249642,1.0455202698448391
1694,0.000105875,-249840,1.0455167078929615
1695,0.0001059375,-249914,1.0455153766584213
1696,0.000106,-249914,1.0455153766584213
1697,0.0001060625,-249840,1.0455167078929615
1698,0.000106125,-249642,1.0455202698448391
1699,0.0001061875,-249216,1.045527933438273
1700,0.00010625,-248360,1.0455433325837644
1701,0.0001063125,-246734,1.0455725837643355
1702,0.000106375,-243818,1.0456250416010793
1703,0.0001064375,-238874,1.0457139824600854
1704,0.0001065,-230940,1.0458567123903755
1705,0.0001065625,-218898,1.0460733438272993
1706,0.000106625,-201612,1.0463843130200134
1707,0.0001066875,-178140,1.046806566224421
1708,0.00010675,-147990,1.047348954351248
1709,0.0001068125,-111364,1.0480078434899933
1710,0.000106875,-69276,1.0487649921295255
1711,0.0001069375,-23522,1.0495880908477626
1712,0.000107,23522,1.0504343962221723
1713,0.0001070625,69276,1.0512574949404092
1714,0.000107125,111364,1.0520146435799416
1715,0.0001071875,147990,1.0526735327186867
1716,0.00010725,178140,1.0532159208455139
1717,0.0001073125,201612,1.0536381740499212
1718,0.000107375,218898,1.0539491432426356
1719,0.0001074375,230940,1.0541657746795592
1720,0.0001075,238874,1.0543085046098493
1721,0.0001075625,243818,1.0543974454688554
1722,0.000107625,246734,1.0544499033055992
1723,0.0001076875,248360,1.0544791544861705
1724,0.00010775,249218,1.0544945896109736
1725,0.0001078125,249646,1.0545022891837195
1726,0.000107875,249848,1.0545059230942209
1727,0.0001079375,249938,1.0545075421632562
1728,0.000108,249976,1.054508225770182
1729,0.0001080625,249992,1.0545085136046772
1730,0.000108125,249996,1.0545085855633012
1731,0.0001081875,249998,1.054508621542613
1732,0.00010825,250000,1.054508657521925
1733,0.0001083125,250000,1.054508657521925
1734,0.000108375,250000,1.054508657521925
1735,0.0001084375,250000,1.054508657521925
1736,0.0001085,250000,1.054508657521925
1737,0.0001085625,250000,1.054508657521925
1738,0.000108625,250000,1.054508657521925
1739,0.0001086875,250000,1.054508657521925
1740,0.00010875,250000,1.054508657521925
1741,0.0001088125,250000,1.054508657521925
1742,0.000108875,250000,1.054508657521925
1743,0.0001089375,250000,1.054508657521925
1744,0.000109,250000,1.054508657521925
1745,0.0001090625,250000,1.054508657521925
1746,0.000109125,250000,1.054508657521925
1747,0.0001091875,250000,1.054508657521925
1748,0.00010925,250000,1.054508657521925
1749,0.0001093125,250000,1.054508657521925
1750,0.000109375,250000,1.054508657521925
1751,0.0001094375,250000,1.054508657521925
1752,0.0001095,250000,1.054508657521925
1753,0.0001095625,250000,1.054508657521925
1754,0.000109625,250000,1.054508657521925
1755,0.0001096875,250000,1.054508657521925
1756,0.00010975,250000,1.054508657521925
1757,0.0001098125,250000,1.054508657521925
1758,0.000109875,250000,1.054508657521925
1759,0.0001099375,250000,1.054508657521925
1760,0.00011,250000,1.054508657521925
1761,0.0001100625,250000,1.054508657521925
1762,0.000110125,250000,1.054508657521925
1763,0.0001101875,250000,1.054508657521925
1764,0.00011025,250000,1.054508657521925
1765,0.0001103125,250000,1.054508657521925
1766,0.000110375,250000,1.054508657521925
1767,0.0001104375,250000,1.054508657521925
1768,0.0001105,250000,1.054508657521925
1769,0.0001105625,250000,1.054508657521925
1770,0.000110625,250000,1.054508657521925
1771,0.0001106875,250000,1.054508657521925
1772,0.00011075,250000,1.054508657521925
1773,0.0001108125,250000,1.054508657521925
1774,0.000110875,250000,1.054508657521925
1775,0.0001109375,250000,1.054508657521925
1776,0.000111,250000,1.054508657521925
1777,0.0001110625,250000,1.054508657521925
1778,0.000111125,250000,1.054508657521925
1779,0.0001111875,250000,1.054508657521925
1780,0.00011125,250000,1.054508657521925
1781,0.0001113125,250000,1.054508657521925
1782,0.000111375,250000,1.054508657521925
1783,0.0001114375,250000,1.054508657521925
1784,0.0001115,250000,1.054508657521925
1785,0.0001115625,250000,1.054508657521925
1786,0.000111625,250000,1.054508657521925
1787,0.0001116875,250000,1.054508657521925
1788,0.00011175,249998,1.054508621542613
1789,0.0001118125,249996,1.0545085855633012
1790,0.000111875,249992,1.0545085136046772
1791,0.0001119375,249976,1.054508225770182
1792,0.000112,249938,1.0545075421632562
1793,0.0001120625,249848,1.0545059230942209
1794,0.000112125,249646,1.0545022891837195
1795,0.0001121875,249218,1.0544945896109736
1796,0.00011225,248360,1.0544791544861705
1797,0.0001123125,246734,1.0544499033055992
1798,0.000112375,243818,1.0543974454688554
1799,0.0001124375,238874,1.0543085046098493
1800,0.0001125,230940,1.0541657746795592
1801,0.0001125625,218898,1.0539491432426356
1802,0.000112625,201612,1.0536381740499212
1803,0.0001126875,178140,1.0532159208455139
1804,0.00011275,147990,1.0526735327186867
1805,0.0001128125,111364,1.0520146435799416
1806,0.000112875,69276,1.0512574949404092
1807,0.0001129375,23522,1.0504343962221723
1808,0.000113,-23522,1.0495880908477626
1809,0.0001130625,-69276,1.0487649921295255
1810,0.000113125,-111364,1.0480078434899933
1811,0.0001131875,-147990,1.047348954351248
1812,0.00011325,-178140,1.046806566224421
1813,0.0001133125,-201612,1.0463843130200134
1814,0.000113375,-218898,1.0460733438272993
1815,0.0001134375,-230940,1.0458567123903755
1816,0.0001135,-238874,1.0457139824600854
1817,0.0001135625,-243818,1.0456250416010793
1818,0.000113625,-246734,1.0455725837643355
1819,0.0001136875,-248360,1.0455433325837644
1820,0.00011375,-249216,1.045527933438273
1821,0.0001138125,-249642,1.0455202698448391
1822,0.000113875,-249840,1.0455167078929615
1823,0.0001139375,-249914,1.0455153766584213
1824,0.000114,-249914,1.0455153766584213
1825,0.0001140625,-249840,1.0455167078929615
1826,0.000114125,-249642,1.0455202698448391
1827,0.0001141875,-249216,1.045527933438273
1828,0.00011425,-248360,1.0455433325837644
1829,0.0001143125,-246734,1.0455725837643355
1830,0.000114375,-243818,1.0456250416010793
1831,0.0001144375,-238874,1.0457139824600854
1832,0.0001145,-230940,1.0458567123903755
1833,0.0001145625,-218898,1.0460733438272993
1834,0.000114625,-201612,1.0463843130200134
1835,0.0001146875,-178140,1.046806566224421
1836,0.00011475,-147990,1.047348954351248
1837,0.0001148125,-111364,1.0480078434899933
1838,0.000114875,-69276,1.0487649921295255
1839,0.0001149375,-23522,1.0495880908477626
1840,0.000115,23522,1.0504343962221723
1841,0.0001150625,69276,1.0512574949404092
1842,0.000115125,111364,1.0520146435799416
1843,0.0001151875,147990,1.0526735327186867
1844,0.00011525,178140,1.0532159208455139
1845,0.0001153125,201612,1.0536381740499212
1846,0.000115375,218898,1.0539491432426356
1847,0.0001154375,230940,1.0541657746795592
1848,0.0001155,238874,1.0543085046098493
1849,0.0001155625,243818,1.0543974454688554
1850,0.000115625,246734,1.0544499033055992
1851,0.0001156875,248360,1.0544791544861705
1852,0.00011575,249218,1.0544945896109736
1853,0.0001158125,249646,1.0545022891837195
1854,0.000115875,249848,1.0545059230942209
1855,0.0001159375,249938,1.0545075421632562
1856,0.000116,249976,1.054508225770182
1857,0.0001160625,249992,1.0545085136046772
1858,0.000116125,249996,1.0545085855633012
1859,0.0001161875,249998,1.054508621542613
1860,0.00011625,250000,1.054508657521925
1861,0.0001163125,250000,1.054508657521925
1862,0.000116375,250000,1.054508657521925
1863,0.0001164375,250000,1.054508657521925
1864,0.0001165,250000,1.054508657521925
1865,0.0001165625,250000,1.054508657521925
1866,0.000116625,250000,1.054508657521925
1867,0.0001166875,250000,1.054508657521925
1868,0.00011675,249998,1.054508621542613
1869,0.0001168125,249996,1.0545085855633012
1870,0.000116875,249992,1.0545085136046772
1871,0.0001169375,249976,1.054508225770182
1872,0.000117,249938,1.0545075421632562
1873,0.0001170625,249848,1.0545059230942209
1874,0.000117125,249646,1.0545022891837195
1875,0.0001171875,249218,1.0544945896109736
1876,0.00011725,248360,1.0544791544861705
1877,0.0001173125,246734,1.0544499033055992
1878,0.000117375,243818,1.0543974454688554
1879,0.0001174375,238874,1.0543085046098493
1880,0.0001175,230940,1.0541657746795592
1881,0.0001175625,218898,1.0539491432426356
1882,0.000117625,201612,1.0536381740499212
1883,0.0001176875,178140,1.0532159208455139
1884,0.00011775,147990,1.0526735327186867
1885,0.0001178125,111364,1.0520146435799416
1886,0.000117875,69276,1.0512574949404092
1887,0.0001179375,23522,1.0504343962221723
1888,0.000118,-23522,1.0495880908477626
1889,0.0001180625,-69276,1.0487649921295255
1890,0.000118125,-111364,1.0480078434899933
1891,0.0001181875,-147990,1.047348954351248
1892,0.00011825,-178140,1.046806566224421
1893,0.0001183125,-201612,1.0463843130200134
1894,0.000118375,-218898,1.0460733438272993
1895,0.0001184375,-230940,1.0458567123903755
1896,0.0001185,-238874,1.0457139824600854
1897,0.0001185625,-243818,1.0456250416010793
1898,0.000118625,-246734,1.0455725837643355
1899,0.0001186875,-248360,1.0455433325837644
1900,0.00011875,-249216,1.045527933438273
1901,0.0001188125,-249642,1.0455202698448391
1902,0.000118875,-249840,1.0455167078929615
1903,0.0001189375,-249914,1.0455153766584213
1904,0.000119,-249914,1.0455153766584213
1905,0.0001190625,-249840,1.0455167078929615
1906,0.000119125,-249642,1.0455202698448391
1907,0.0001191875,-249216,1.045527933438273
1908,0.00011925,-248360,1.0455433325837644
1909,0.0001193125,-246734,1.0455725837643355
1910,0.000119375,-243818,1.0456250416010793
1911,0.0001194375,-238874,1.0457139824600854
1912,0.0001195,-230940,1.0458567123903755
1913,0.0001195625,-218898,1.0460733438272993
1914,0.000119625,-201612,1.0463843130200134
1915,0.0001196875,-178140,1.046806566224421
1916,0.00011975,-147990,1.047348954351248
1917,0.0001198125,-111364,1.0480078434899933
1918,0.000119875,-69276,1.0487649921295255
1919,0.0001199375,-23522,1.0495880908477626
1920,0.00012,23522,1.0504343962221723
1921,0.0001200625,69276,1.0512574949404092
1922,0.000120125,111364,1.0520146435799416
1923,0.0001201875,147990,1.0526735327186867
1924,0.00012025,178140,1.0532159208455139
1925,0.0001203125,201612,1.0536381740499212
1926,0.000120375,218898,1.0539491432426356
1927,0.0001204375,230940,1.0541657746795592
1928,0.0001205,238874,1.0543085046098493
1929,0.0001205625,243818,1.0543974454688554
1930,0.000120625,246734,1.0544499033055992
1931,0.0001206875,248360,1.0544791544861705
1932,0.00012075,249216,1.054494553631662
1933,0.0001208125,249642,1.0545022172250955
1934,0.000120875,249840,1.0545057791769732
1935,0.0001209375,249914,1.0545071104115133
1936,0.000121,249914,1.0545071104115133
1937,0.0001210625,249840,1.0545057791769732
1938,0.000121125,249642,1.0545022172250955
1939,0.0001211875,249216,1.054494553631662
1940,0.00012125,248360,1.0544791544861705
1941,0.0001213125,246734,1.0544499033055992
1942,0.000121375,243818,1.0543974454688554
1943,0.0001214375,238874,1.0543085046098493
1944,0.0001215,230940,1.0541657746795592
1945,0.0001215625,218898,1.0539491432426356
1946,0.000121625,201612,1.0536381740499212
1947,0.0001216875,178140,1.0532159208455139
1948,0.00012175,147992,1.0526735686979987
1949,0.0001218125,111368,1.0520147155385653
1950,0.000121875,69284,1.0512576388576569
1951,0.0001219375,23546,1.050434827973915
1952,0.000122,-23460,1.0495892062064314
1953,0.0001220625,-69124,1.0487677265572295
1954,0.000122125,-111010,1.0480142118281988
1955,0.0001221875,-147208,1.0473630222621992
1956,0.00012225,-176500,1.0468360692601755
1957,0.0001223125,-198346,1.0464430672363392
1958,0.000122375,-212716,1.0461845558803688
1959,0.0001224375,-219814,1.0460568653024511
1960,0.0001225,-219814,1.0460568653024511
1961,0.0001225625,-212716,1.0461845558803688
1962,0.000122625,-198346,1.0464430672363392
1963,0.0001226875,-176500,1.0468360692601755
1964,0.00012275,-147208,1.0473630222621992
1965,0.0001228125,-111010,1.0480142118281988
1966,0.000122875,-69124,1.0487677265572295
1967,0.0001229375,-23460,1.0495892062064314
1968,0.000123,23546,1.050434827973915
1969,0.0001230625,69284,1.0512576388576569
1970,0.000123125,111368,1.0520147155385653
1971,0.0001231875,147992,1.0526735686979987
1972,0.00012325,178140,1.0532159208455139
1973,0.0001233125,201612,1.0536381740499212
1974,0.000123375,218898,1.0539491432426356
1975,0.0001234375,230940,1.0541657746795592
1976,0.0001235,238874,1.0543085046098493
1977,0.0001235625,243818,1.0543974454688554
1978,0.000123625,246734,1.0544499033055992
1979,0.0001236875,248360,1.0544791544861705
1980,0.00012375,249218,1.0544945896109736
1981,0.0001238125,249646,1.0545022891837195
1982,0.000123875,249848,1.0545059230942209
1983,0.0001239375,249938,1.0545075421632562
1984,0.000124,249976,1.054508225770182
1985,0.0001240625,249992,1.0545085136046772
1986,0.000124125,249996,1.0545085855633012
1987,0.0001241875,249998,1.054508621542613
1988,0.00012425,250000,1.054508657521925
1989,0.0001243125,250000,1.054508657521925
1990,0.000124375,250000,1.054508657521925
1991,0.0001244375,250000,1.054508657521925
1992,0.0001245,250000,1.054508657521925
1993,0.0001245625,250000,1.054508657521925
1994,0.000124625,250000,1.054508657521925
1995,0.0001246875,250000,1.054508657521925
1996,0.00012475,249998,1.054508621542613
1997,0.0001248125,249996,1.0545085855633012
1998,0.000124875,249992,1.0545085136046772
1999,0.0001249375,249976,1.054508225770182
2000,0.000125,249938,1.0545075421632562
2001,0.0001250625,249848,1.0545059230942209
2002,0.000125125,249646,1.0545022891837195
2003,0.0001251875,249218,1.0544945896109736
2004,0.00012525,248360,1.0544791544861705
2005,0.0001253125,246734,1.0544499033055992
2006,0.000125375,243818,1.0543974454688554
2007,0.0001254375,238874,1.0543085046098493
2008,0.0001255,230940,1.0541657746795592
2009,0.0001255625,218898,1.0539491432426356
2010,0.000125625,201612,1.0536381740499212
2011,0.0001256875,178140,1.0532159208455139
2012,0.00012575,147992,1.0526735686979987
2013,0.0001258125,111368,1.0520147155385653
2014,0.000125875,69284,1.0512576388576569
2015,0.0001259375,23546,1.050434827973915
2016,0.000126,-23460,1.0495892062064314
2017,0.0001260625,-69124,1.0487677265572295
2018,0.000126125,-111010,1.0480142118281988
2019,0.0001261875,-147208,1.0473630222621992
2020,0.00012625,-176500,1.0468360692601755
2021,0.0001263125,-198346,1.0464430672363392
2022,0.000126375,-212716,1.0461845558803688
2023,0.0001264375,-219814,1.0460568653024511
2024,0.0001265,-219814,1.0460568653024511
2025,0.0001265625,-212716,1.0461845558803688
2026,0.000126625,-198346,1.0464430672363392
2027,0.0001266875,-176500,1.0468360692601755
2028,0.00012675,-147208,1.0473630222621992
2029,0.0001268125,-111010,1.0480142118281988
2030,0.000126875,-69124,1.0487677265572295
2031,0.0001269375,-23460,1.0495892062064314
2032,0.000127,23546,1.050434827973915
2033,0.0001270625,69284,1.0512576388576569
2034,0.000127125,111368,1.0520147155385653
2035,0.0001271875,147992,1.0526735686979987
2036,0.00012725,178140,1.0532159208455139
2037,0.0001273125,201612,1.0536381740499212
2038,0.000127375,218898,1.0539491432426356
2039,0.0001274375,230940,1.0541657746795592
2040,0.0001275,238874,1.0543085046098493
2041,0.0001275625,243818,1.0543974454688554
2042,0.000127625,246734,1.0544499033055992
2043,0.0001276875,248360,1.0544791544861705
2044,0.00012775,249218,1.0544945896109736
2045,0.0001278125,249646,1.0545022891837195
2046,0.000127875,249848,1.0545059230942209
2047,0.0001279375,249938,1.0545075421632562
2048,0.000128,249976,1.054508225770182
2049,0.0001280625,249992,1.0545085136046772
2050,0.000128125,249996,1.0545085855633012
2051,0.0001281875,249998,1.054508621542613
2052,0.00012825,250000,1.054508657521925
2053,0.0001283125,250000,1.054508657521925
2054,0.000128375,250000,1.054508657521925
2055,0.0001284375,250000,1.054508657521925
2056,0.0001285,250000,1.054508657521925
2057,0.0001285625,250000,1.054508657521925
2058,0.000128625,250000,1.054508657521925
2059,0.0001286875,250000,1.054508657521925
2060,0.00012875,250000,1.054508657521925
2061,0.0001288125,250000,1.054508657521925
2062,0.000128875,250000,1.054508657521925
2063,0.0001289375,250000,1.054508657521925
2064,0.000129,250000,1.054508657521925
2065,0.0001290625,250000,1.054508657521925
2066,0.000129125,250000,1.054508657521925
2067,0.0001291875,250000,1.054508657521925
2068,0.00012925,250000,1.054508657521925
2069,0.0001293125,250000,1.054508657521925
2070,0.000129375,250000,1.054508657521925
2071,0.0001294375,250000,1.054508657521925
2072,0.0001295,250000,1.054508657521925
2073,0.0001295625,250000,1.054508657521925
2074,0.000129625,250000,1.054508657521925
2075,0.0001296875,250000,1.054508657521925
2076,0.00012975,250000,1.054508657521925
2077,0.0001298125,250000,1.054508657521925
2078,0.000129875,250000,1.054508657521925
2079,0.0001299375,250000,1.054508657521925
2080,0.00013,250000,1.054508657521925
2081,0.0001300625,250000,1.054508657521925
2082,0.000130125,250000,1.054508657521925
2083,0.0001301875,250000,1.054508657521925
2084,0.00013025,250000,1.054508657521925
2085,0.0001303125,250000,1.054508657521925
2086,0.000130375,250000,1.054508657521925
2087,0.0001304375,250000,1.054508657521925
2088,0.0001305,250000,1.054508657521925
2089,0.0001305625,250000,1.054508657521925
2090,0.000130625,250000,1.054508657521925
2091,0.0001306875,250000,1.054508657521925
2092,0.00013075,250000,1.054508657521925
2093,0.0001308125,250000,1.054508657521925
2094,0.000130875,250000,1.054508657521925
2095,0.0001309375,250000,1.054508657521925
2096,0.000131,250000,1.054508657521925
2097,0.0001310625,250000,1.054508657521925
2098,0.000131125,250000,1.054508657521925
2099,0.0001311875,250000,1.054508657521925
2100,0.00013125,250000,1.054508657521925
2101,0.0001313125,250000,1.054508657521925
2102,0.000131375,250000,1.054508657521925
2103,0.0001314375,250000,1.054508657521925
2104,0.0001315,250000,1.054508657521925
2105,0.0001315625,250000,1.054508657521925
2106,0.000131625,250000,1.054508657521925
2107,0.0001316875,250000,1.054508657521925
2108,0.00013175,249998,1.054508621542613
2109,0.0001318125,249996,1.0545085855633012
2110,0.000131875,249992,1.0545085136046772
2111,0.0001319375,249976,1.054508225770182
2112,0.000132,249938,1.0545075421632562
2113,0.0001320625,249848,1.0545059230942209
2114,0.000132125,249646,1.0545022891837195
2115,0.0001321875,249218,1.0544945896109736
2116,0.00013225,248360,1.0544791544861705
2117,0.0001323125,246734,1.0544499033055992
2118,0.000132375,243818,1.0543974454688554
2119,0.0001324375,238874,1.0543085046098493
2120,0.0001325,230940,1.0541657746795592
2121,0.0001325625,218898,1.0539491432426356
2122,0.000132625,201612,1.0536381740499212
2123,0.0001326875,178140,1.0532159208455139
2124,0.00013275,147992,1.0526735686979987
2125,0.0001328125,111368,1.0520147155385653
2126,0.000132875,69284,1.0512576388576569
2127,0.0001329375,23546,1.050434827973915
2128,0.000133,-23460,1.0495892062064314
2129,0.0001330625,-69124,1.0487677265572295
2130,0.000133125,-111010,1.0480142118281988
2131,0.0001331875,-147208,1.0473630222621992
2132,0.00013325,-176500,1.0468360692601755
2133,0.0001333125,-198346,1.0464430672363392
2134,0.000133375,-212716,1.0461845558803688
2135,0.0001334375,-219814,1.0460568653024511
2136,0.0001335,-219814,1.0460568653024511
2137,0.0001335625,-212716,1.0461845558803688
2138,0.000133625,-198346,1.0464430672363392
2139,0.0001336875,-176500,1.0468360692601755
2140,0.00013375,-147208,1.0473630222621992
2141,0.0001338125,-111010,1.0480142118281988
2142,0.000133875,-69124,1.0487677265572295
2143,0.0001339375,-23460,1.0495892062064314
2144,0.000134,23546,1.050434827973915
2145,0.0001340625,69284,1.0512576388576569
2146,0.000134125,111368,1.0520147155385653
2147,0.0001341875,147992,1.0526735686979987
2148,0.00013425,178140,1.0532159208455139
2149,0.0001343125,201612,1.0536381740499212
2150,0.000134375,218898,1.0539491432426356
2151,0.0001344375,230940,1.0541657746795592
2152,0.0001345,238874,1.0543085046098493
2153,0.0001345625,243818,1.0543974454688554
2154,0.000134625,246734,1.0544499033055992
2155,0.0001346875,248360,1.0544791544861705
2156,0.00013475,249216,1.054494553631662
2157,0.0001348125,249642,1.0545022172250955
2158,0.000134875,249840,1.0545057791769732
2159,0.0001349375,249914,1.0545071104115133
2160,0.000135,249914,1.0545071104115133
2161,0.0001350625,249840,1.0545057791769732
2162,0.000135125,249642,1.0545022172250955
2163,0.0001351875,249216,1.054494553631662
2164,0.00013525,248360,1.0544791544861705
2165,0.0001353125,246734,1.0544499033055992
2166,0.000135375,243818,1.0543974454688554
2167,0.0001354375,238874,1.0543085046098493
2168,0.0001355,230940,1.0541657746795592
2169,0.0001355625,218898,1.0539491432426356
2170,0.000135625,201612,1.0536381740499212
2171,0.0001356875,178140,1.0532159208455139
2172,0.00013575,147992,1.0526735686979987
2173,0.0001358125,111368,1.0520147155385653
2174,0.000135875,69284,1.0512576388576569
2175,0.0001359375,23546,1.050434827973915
2176,0.000136,-23460,1.0495892062064314
2177,0.0001360625,-69124,1.0487677265572295
2178,0.000136125,-111010,1.0480142118281988
2179,0.0001361875,-147208,1.0473630222621992
2180,0.00013625,-176500,1.0468360692601755
2181,0.0001363125,-198346,1.0464430672363392
2182,0.000136375,-212716,1.0461845558803688
2183,0.0001364375,-219814,1.0460568653024511
2184,0.0001365,-219814,1.0460568653024511
2185,0.0001365625,-212716,1.0461845558803688
2186,0.000136625,-198346,1.0464430672363392
2187,0.0001366875,-176500,1.0468360692601755
2188,0.00013675,-147210,1.0473629862828873
2189,0.0001368125,-111014,1.048014139869575
2190,0.000136875,-69132,1.048767582639982
2191,0.0001369375,-23484,1.0495887744546886
2192,0.000137,23484,1.0504337126152463
2193,0.0001370625,69132,1.0512549044299528
2194,0.000137125,111014,1.0520083472003599
2195,0.0001371875,147210,1.0526595007870474
2196,0.00013725,176500,1.0531864178097594
2197,0.0001373125,198346,1.0535794198335957
2198,0.000137375,212716,1.053837931189566
2199,0.0001374375,219814,1.0539656217674838
2200,0.0001375,219814,1.0539656217674838
2201,0.0001375625,212716,1.053837931189566
2202,0.000137625,198346,1.0535794198335957
2203,0.0001376875,176500,1.0531864178097594
2204,0.00013775,147210,1.0526595007870474
2205,0.0001378125,111014,1.0520083472003599
2206,0.000137875,69132,1.0512549044299528
2207,0.0001379375,23484,1.0504337126152463
2208,0.000138,-23484,1.0495887744546886
2209,0.0001380625,-69132,1.048767582639982
2210,0.000138125,-111014,1.048014139869575
2211,0.0001381875,-147210,1.0473629862828873
2212,0.00013825,-176500,1.0468360692601755
2213,0.0001383125,-198346,1.0464430672363392
2214,0.000138375,-212716,1.0461845558803688
2215,0.0001384375,-219814,1.0460568653024511
2216,0.0001385,-219814,1.0460568653024511
2217,0.0001385625,-212716,1.0461845558803688
2218,0.000138625,-198346,1.0464430672363392
2219,0.0001386875,-176500,1.0468360692601755
2220,0.00013875,-147210,1.0473629862828873
2221,0.0001388125,-111014,1.048014139869575
2222,0.000138875,-69132,1.048767582639982
2223,0.0001389375,-23484,1.0495887744546886
2224,0.000139,23484,1.0504337126152463
2225,0.0001390625,69132,1.0512549044299528
2226,0.000139125,111014,1.0520083472003599
2227,0.0001391875,147210,1.0526595007870474
2228,0.00013925,176500,1.0531864178097594
2229,0.0001393125,198346,1.0535794198335957
2230,0.000139375,212716,1.053837931189566
2231,0.0001394375,219814,1.0539656217674838
2232,0.0001395,219814,1.0539656217674838
2233,0.0001395625,212716,1.053837931189566
2234,0.000139625,198346,1.0535794198335957
2235,0.0001396875,176500,1.0531864178097594
2236,0.00013975,147208,1.0526594648077356
2237,0.0001398125,111010,1.052008275241736
2238,0.000139875,69124,1.0512547605127052
2239,0.0001399375,23460,1.0504332808635035
2240,0.00014,-23546,1.0495876590960198
2241,0.0001400625,-69284,1.048764848212278
2242,0.000140125,-111368,1.0480077715313694
2243,0.0001401875,-147992,1.0473489183719362
2244,0.00014025,-178140,1.046806566224421
2245,0.0001403125,-201612,1.0463843130200134
2246,0.000140375,-218898,1.0460733438272993
2247,0.0001404375,-230940,1.0458567123903755
2248,0.0001405,-238874,1.0457139824600854
2249,0.0001405625,-243818,1.0456250416010793
2250,0.000140625,-246734,1.0455725837643355
2251,0.0001406875,-248360,1.0455433325837644
2252,0.00014075,-249218,1.045527897458961
2253,0.0001408125,-249646,1.0455201978862154
2254,0.000140875,-249848,1.045516563975714
2255,0.0001409375,-249938,1.0455149449066787
2256,0.000141,-249976,1.0455142612997526
2257,0.0001410625,-249992,1.0455139734652574
2258,0.000141125,-249996,1.0455139015066337
2259,0.0001411875,-249998,1.0455138655273217
2260,0.00014125,-250000,1.04551382954801
2261,0.0001413125,-250000,1.04551382954801
2262,0.000141375,-250000,1.04551382954801
2263,0.0001414375,-250000,1.04551382954801
2264,0.0001415,-250000,1.04551382954801
2265,0.0001415625,-250000,1.04551382954801
2266,0.000141625,-250000,1.04551382954801
2267,0.0001416875,-250000,1.04551382954801
2268,0.00014175,-249998,1.0455138655273217
2269,0.0001418125,-249996,1.0455139015066337
2270,0.000141875,-249992,1.0455139734652574
2271,0.0001419375,-249976,1.0455142612997526
2272,0.000142,-249938,1.0455149449066787
2273,0.0001420625,-249848,1.045516563975714
2274,0.000142125,-249646,1.0455201978862154
2275,0.0001421875,-249218,1.045527897458961
2276,0.00014225,-248360,1.0455433325837644
2277,0.0001423125,-246734,1.0455725837643355
2278,0.000142375,-243818,1.0456250416010793
2279,0.0001424375,-238874,1.0457139824600854
2280,0.0001425,-230940,1.0458567123903755
2281,0.0001425625,-218898,1.0460733438272993
2282,0.000142625,-201612,1.0463843130200134
2283,0.0001426875,-178140,1.046806566224421
2284,0.00014275,-147992,1.0473489183719362
2285,0.0001428125,-111368,1.0480077715313694
2286,0.000142875,-69284,1.048764848212278
2287,0.0001429375,-23546,1.0495876590960198
2288,0.000143,23460,1.0504332808635035
2289,0.0001430625,69124,1.0512547605127052
2290,0.000143125,111010,1.052008275241736
2291,0.0001431875,147208,1.0526594648077356
2292,0.00014325,176500,1.0531864178097594
2293,0.0001433125,198346,1.0535794198335957
2294,0.000143375,212716,1.053837931189566
2295,0.0001434375,219814,1.0539656217674838
2296,0.0001435,219814,1.0539656217674838
2297,0.0001435625,212716,1.053837931189566
2298,0.000143625,198346,1.0535794198335957
2299,0.0001436875,176500,1.0531864178097594
2300,0.00014375,147210,1.0526595007870474
2301,0.0001438125,111014,1.0520083472003599
2302,0.000143875,69132,1.0512549044299528
2303,0.0001439375,23484,1.0504337126152463
2304,0.000144,-23484,1.0495887744546886
2305,0.0001440625,-69132,1.048767582639982
2306,0.000144125,-111014,1.048014139869575
2307,0.0001441875,-147210,1.0473629862828873
2308,0.00014425,-176500,1.0468360692601755
2309,0.0001443125,-198346,1.0464430672363392
2310,0.000144375,-212716,1.0461845558803688
2311,0.0001444375,-219814,1.0460568653024511
2312,0.0001445,-219814,1.0460568653024511
2313,0.0001445625,-212716,1.0461845558803688
2314,0.000144625,-198346,1.0464430672363392
2315,0.0001446875,-176500,1.0468360692601755
2316,0.00014475,-147208,1.0473630222621992
2317,0.0001448125,-111010,1.0480142118281988
2318,0.000144875,-69124,1.0487677265572295
2319,0.0001449375,-23460,1.0495892062064314
2320,0.000145,23546,1.050434827973915
2321,0.0001450625,69284,1.0512576388576569
2322,0.000145125,111368,1.0520147155385653
2323,0.0001451875,147992,1.0526735686979987
2324,0.00014525,178140,1.0532159208455139
2325,0.0001453125,201612,1.0536381740499212
2326,0.000145375,218898,1.0539491432426356
2327,0.0001454375,230940,1.0541657746795592
2328,0.0001455,238874,1.0543085046098493
2329,0.0001455625,243818,1.0543974454688554
2330,0.000145625,246734,1.0544499033055992
2331,0.0001456875,248360,1.0544791544861705
2332,0.00014575,249216,1.054494553631662
2333,0.0001458125,249642,1.0545022172250955
2334,0.000145875,249840,1.0545057791769732
2335,0.0001459375,249914,1.0545071104115133
2336,0.000146,249914,1.0545071104115133
2337,0.0001460625,249840,1.0545057791769732
2338,0.000146125,249642,1.0545022172250955
2339,0.0001461875,249216,1.054494553631662
2340,0.00014625,248360,1.0544791544861705
2341,0.0001463125,246734,1.0544499033055992
2342,0.000146375,243818,1.0543974454688554
2343,0.0001464375,238874,1.0543085046098493
2344,0.0001465,230940,1.0541657746795592
2345,0.0001465625,218898,1.0539491432426356
2346,0.000146625,201612,1.0536381740499212
2347,0.0001466875,178140,1.0532159208455139
2348,0.00014675,147992,1.0526735686979987
2349,0.0001468125,111368,1.0520147155385653
2350,0.000146875,69284,1.0512576388576569
2351,0.0001469375,23546,1.050434827973915
2352,0.000147,-23460,1.0495892062064314
2353,0.0001470625,-69124,1.0487677265572295
2354,0.000147125,-111010,1.0480142118281988
2355,0.0001471875,-147208,1.0473630222621992
2356,0.00014725,-176500,1.0468360692601755
2357,0.0001473125,-198346,1.0464430672363392
2358,0.000147375,-212716,1.0461845558803688
2359,0.0001474375,-219814,1.0460568653024511
2360,0.0001475,-219814,1.0460568653024511
2361,0.0001475625,-212716,1.0461845558803688
2362,0.000147625,-198346,1.0464430672363392
2363,0.0001476875,-176500,1.0468360692601755
2364,0.00014775,-147210,1.0473629862828873
2365,0.0001478125,-111014,1.048014139869575
2366,0.000147875,-69132,1.048767582639982
2367,0.0001479375,-23484,1.0495887744546886
2368,0.000148,23484,1.0504337126152463
2369,0.0001480625,69132,1.0512549044299528
2370,0.000148125,111014,1.0520083472003599
2371,0.0001481875,147210,1.0526595007870474
2372,0.00014825,176500,1.0531864178097594
2373,0.0001483125,198346,1.0535794198335957
2374,0.000148375,212716,1.053837931189566
2375,0.0001484375,219814,1.0539656217674838
2376,0.0001485,219814,1.0539656217674838
2377,0.0001485625,212716,1.053837931189566
2378,0.000148625,198346,1.0535794198335957
2379,0.0001486875,176500,1.0531864178097594
2380,0.00014875,147208,1.0526594648077356
2381,0.0001488125,111010,1.052008275241736
2382,0.000148875,69124,1.0512547605127052
2383,0.0001489375,23460,1.0504332808635035
2384,0.000149,-23546,1.0495876590960198
2385,0.0001490625,-69284,1.048764848212278
2386,0.000149125,-111368,1.0480077715313694
2387,0.0001491875,-147992,1.0473489183719362
2388,0.00014925,-178140,1.046806566224421
2389,0.0001493125,-201612,1.0463843130200134
2390,0.000149375,-218898,1.0460733438272993
2391,0.0001494375,-230940,1.0458567123903755
2392,0.0001495,-238874,1.0457139824600854
2393,0.0001495625,-243818,1.0456250416010793
2394,0.000149625,-246734,1.0455725837643355
2395,0.0001496875,-248360,1.0455433325837644
2396,0.00014975,-249216,1.045527933438273
2397,0.0001498125,-249642,1.0455202698448391
2398,0.000149875,-249840,1.0455167078929615
2399,0.0001499375,-249914,1.0455153766584213
2400,0.00015,-249914,1.0455153766584213
2401,0.0001500625,-249840,1.0455167078929615
2402,0.000150125,-249642,1.0455202698448391
2403,0.0001501875,-249216,1.045527933438273
2404,0.00015025,-248360,1.0455433325837644
2405,0.0001503125,-246734,1.0455725837643355
2406,0.000150375,-243818,1.0456250416010793
2407,0.0001504375,-238874,1.0457139824600854
2408,0.0001505,-230940,1.0458567123903755
2409,0.0001505625,-218898,1.0460733438272993
2410,0.000150625,-201612,1.0463843130200134
2411,0.0001506875,-178140,1.046806566224421
2412,0.00015075,-147990,1.047348954351248
2413,0.0001508125,-111364,1.0480078434899933
2414,0.000150875,-69276,1.0487649921295255
2415,0.0001509375,-23522,1.0495880908477626
2416,0.000151,23522,1.0504343962221723
2417,0.0001510625,69276,1.0512574949404092
2418,0.000151125,111364,1.0520146435799416
2419,0.0001511875,147990,1.0526735327186867
2420,0.00015125,178140,1.0532159208455139
2421,0.0001513125,201612,1.0536381740499212
2422,0.000151375,218898,1.0539491432426356
2423,0.0001514375,230940,1.0541657746795592
2424,0.0001515,238874,1.0543085046098493
2425,0.0001515625,243818,1.0543974454688554
2426,0.000151625,246734,1.0544499033055992
2427,0.0001516875,248360,1.0544791544861705
2428,0.00015175,249216,1.054494553631662
2429,0.0001518125,249642,1.0545022172250955
2430,0.000151875,249840,1.0545057791769732
2431,0.0001519375,249914,1.0545071104115133
2432,0.000152,249914,1.0545071104115133
2433,0.0001520625,249840,1.0545057791769732
2434,0.000152125,249642,1.0545022172250955
2435,0.0001521875,249216,1.054494553631662
2436,0.00015225,248360,1.0544791544861705
2437,0.0001523125,246734,1.0544499033055992
2438,0.000152375,243818,1.0543974454688554
2439,0.0001524375,238874,1.0543085046098493
2440,0.0001525,230940,1.0541657746795592
2441,0.0001525625,218898,1.0539491432426356
2442,0.000152625,201612,1.0536381740499212
2443,0.0001526875,178140,1.0532159208455139
2444,0.00015275,147992,1.0526735686979987
2445,0.0001528125,111368,1.0520147155385653
2446,0.000152875,69284,1.0512576388576569
2447,0.0001529375,23546,1.050434827973915
2448,0.000153,-23460,1.0495892062064314
2449,0.0001530625,-69124,1.0487677265572295
2450,0.000153125,-111010,1.0480142118281988
2451,0.0001531875,-147208,1.0473630222621992
2452,0.00015325,-176500,1.0468360692601755
2453,0.0001533125,-198346,1.0464430672363392
2454,0.000153375,-212716,1.0461845558803688
2455,0.0001534375,-219814,1.0460568653024511
2456,0.0001535,-219814,1.0460568653024511
2457,0.0001535625,-212716,1.0461845558803688
2458,0.000153625,-198346,1.0464430672363392
2459,0.0001536875,-176500,1.0468360692601755
2460,0.00015375,-147208,1.0473630222621992
2461,0.0001538125,-111010,1.0480142118281988
2462,0.000153875,-69124,1.0487677265572295
2463,0.0001539375,-23460,1.0495892062064314
2464,0.000154,23546,1.050434827973915
2465,0.0001540625,69284,1.0512576388576569
2466,0.000154125,111368,1.0520147155385653
2467,0.0001541875,147992,1.0526735686979987
2468,0.00015425,178140,1.0532159208455139
2469,0.0001543125,201612,1.0536381740499212
2470,0.000154375,218898,1.0539491432426356
2471,0.0001544375,230940,1.0541657746795592
2472,0.0001545,238874,1.0543085046098493
2473,0.0001545625,243818,1.0543974454688554
2474,0.000154625,246734,1.0544499033055992
2475,0.0001546875,248360,1.0544791544861705
2476,0.00015475,249216,1.054494553631662
2477,0.0001548125,249642,1.0545022172250955
2478,0.000154875,249840,1.0545057791769732
2479,0.0001549375,249914,1.0545071104115133
2480,0.000155,249914,1.0545071104115133
2481,0.0001550625,249840,1.0545057791769732
2482,0.000155125,249642,1.0545022172250955
2483,0.0001551875,249216,1.054494553631662
2484,0.00015525,248360,1.0544791544861705
2485,0.0001553125,246734,1.0544499033055992
2486,0.000155375,243818,1.0543974454688554
2487,0.0001554375,238874,1.0543085046098493
2488,0.0001555,230940,1.0541657746795592
2489,0.0001555625,218898,1.0539491432426356
2490,0.000155625,201612,1.0536381740499212
2491,0.0001556875,178140,1.0532159208455139
2492,0.00015575,147990,1.0526735327186867
2493,0.0001558125,111364,1.0520146435799416
2494,0.000155875,69276,1.0512574949404092
2495,0.0001559375,23522,1.0504343962221723
2496,0.000156,-23522,1.0495880908477626
2497,0.0001560625,-69276,1.0487649921295255
2498,0.000156125,-111364,1.0480078434899933
2499,0.0001561875,-147990,1.047348954351248
2500,0.00015625,-178140,1.046806566224421
2501,0.0001563125,-201612,1.0463843130200134
2502,0.000156375,-218898,1.0460733438272993
2503,0.0001564375,-230940,1.0458567123903755
2504,0.0001565,-238874,1.0457139824600854
2505,0.0001565625,-243818,1.0456250416010793
2506,0.000156625,-246734,1.0455725837643355
2507,0.0001566875,-248360,1.0455433325837644
2508,0.00015675,-249218,1.045527897458961
2509,0.0001568125,-249646,1.0455201978862154
2510,0.000156875,-249848,1.045516563975714
2511,0.0001569375,-249938,1.0455149449066787
2512,0.000157,-249976,1.0455142612997526
2513,0.0001570625,-249992,1.0455139734652574
2514,0.000157125,-249996,1.0455139015066337
2515,0.0001571875,-249998,1.0455138655273217
2516,0.00015725,-250000,1.04551382954801
2517,0.0001573125,-250000,1.04551382954801
2518,0.000157375,-250000,1.04551382954801
2519,0.0001574375,-250000,1.04551382954801
2520,0.0001575,-250000,1.04551382954801
2521,0.0001575625,-250000,1.04551382954801
2522,0.000157625,-250000,1.04551382954801
2523,0.0001576875,-250000,1.04551382954801
2524,0.00015775,-250000,1.04551382954801
2525,0.0001578125,-250000,1.04551382954801
2526,0.000157875,-250000,1.04551382954801
2527,0.0001579375,-250000,1.04551382954801
2528,0.000158,-250000,1.04551382954801
2529,0.0001580625,-250000,1.04551382954801
2530,0.000158125,-250000,1.04551382954801
2531,0.0001581875,-250000,1.04551382954801
2532,0.00015825,-250000,1.04551382954801
2533,0.0001583125,-250000,1.04551382954801
2534,0.000158375,-250000,1.04551382954801
2535,0.0001584375,-250000,1.04551382954801
2536,0.0001585,-250000,1.04551382954801
2537,0.0001585625,-250000,1.04551382954801
2538,0.000158625,-250000,1.04551382954801
2539,0.0001586875,-250000,1.04551382954801
2540,0.00015875,-250000,1.04551382954801
2541,0.0001588125,-250000,1.04551382954801
2542,0.000158875,-250000,1.04551382954801
2543,0.0001589375,-250000,1.04551382954801
2544,0.000159,-250000,1.04551382954801
2545,0.0001590625,-250000,1.04551382954801
2546,0.000159125,-250000,1.04551382954801
2547,0.0001591875,-250000,1.04551382954801
2548,0.00015925,-250000,1.04551382954801
2549,0.0001593125,-250000,1.04551382954801
2550,0.000159375,-250000,1.04551382954801
2551,0.0001594375,-250000,1.04551382954801
2552,0.0001595,-250000,1.04551382954801
2553,0.0001595625,-250000,1.04551382954801
2554,0.000159625,-250000,1.04551382954801
2555,0.0001596875,-250000,1.04551382954801
2556,0.00015975,-249998,1.0455138655273217
2557,0.0001598125,-249996,1.0455139015066337
2558,0.000159875,-249992,1.0455139734652574
2559,0.0001599375,-249976,1.0455142612997526
2560,0.00016,-249938,1.0455149449066787
2561,0.0001600625,-249848,1.045516563975714
2562,0.000160125,-249646,1.0455201978862154
2563,0.0001601875,-249218,1.045527897458961
2564,0.00016025,-248360,1.0455433325837644
2565,0.0001603125,-246734,1.0455725837643355
2566,0.000160375,-243818,1.0456250416010793
2567,0.0001604375,-238874,1.0457139824600854
2568,0.0001605,-230940,1.0458567123903755
2569,0.0001605625,-218898,1.0460733438272993
2570,0.000160625,-201612,1.0463843130200134
2571,0.0001606875,-178140,1.046806566224421
2572,0.00016075,-147990,1.047348954351248
2573,0.0001608125,-111364,1.0480078434899933
2574,0.000160875,-69276,1.0487649921295255
2575,0.0001609375,-23522,1.0495880908477626
2576,0.000161,23522,1.0504343962221723
2577,0.0001610625,69276,1.0512574949404092
2578,0.000161125,111364,1.0520146435799416
2579,0.0001611875,147990,1.0526735327186867
2580,0.00016125,178140,1.0532159208455139
2581,0.0001613125,201612,1.0536381740499212
2582,0.000161375,218898,1.0539491432426356
2583,0.0001614375,230940,1.0541657746795592
2584,0.0001615,238874,1.0543085046098493
2585,0.0001615625,243818,1.0543974454688554
2586,0.000161625,246734,1.0544499033055992
2587,0.0001616875,248360,1.0544791544861705
2588,0.00016175,249218,1.0544945896109736
2589,0.0001618125,249646,1.0545022891837195
2590,0.000161875,249848,1.0545059230942209
2591,0.0001619375,249938,1.0545075421632562
2592,0.000162,249976,1.054508225770182
2593,0.0001620625,249992,1.0545085136046772
2594,0.000162125,249996,1.0545085855633012
2595,0.0001621875,249998,1.054508621542613
2596,0.00016225,250000,1.054508657521925
2597,0.0001623125,250000,1.054508657521925
2598,0.000162375,250000,1.054508657521925
2599,0.0001624375,250000,1.054508657521925
2600,0.0001625,250000,1.054508657521925
2601,0.0001625625,250000,1.054508657521925
2602,0.000162625,250000,1.054508657521925
2603,0.0001626875,250000,1.054508657521925
2604,0.00016275,249998,1.054508621542613
2605,0.0001628125,249996,1.0545085855633012
2606,0.000162875,249992,1.0545085136046772
2607,0.0001629375,249976,1.054508225770182
2608,0.000163,249938,1.0545075421632562
2609,0.0001630625,249848,1.0545059230942209
2610,0.000163125,249646,1.0545022891837195
2611,0.0001631875,249218,1.0544945896109736
2612,0.00016325,248360,1.0544791544861705
2613,0.0001633125,246734,1.0544499033055992
2614,0.000163375,243818,1.0543974454688554
2615,0.0001634375,238874,1.0543085046098493
2616,0.0001635,230940,1.0541657746795592
2617,0.0001635625,218898,1.0539491432426356
2618,0.000163625,201612,1.0536381740499212
2619,0.0001636875,178140,1.0532159208455139
2620,0.00016375,147990,1.0526735327186867
2621,0.0001638125,111364,1.0520146435799416
2622,0.000163875,69276,1.0512574949404092
2623,0.0001639375,23522,1.0504343962221723
2624,0.000164,-23522,1.0495880908477626
2625,0.0001640625,-69276,1.0487649921295255
2626,0.000164125,-111364,1.0480078434899933
2627,0.0001641875,-147990,1.047348954351248
2628,0.00016425,-178140,1.046806566224421
2629,0.0001643125,-201612,1.0463843130200134
2630,0.000164375,-218898,1.0460733438272993
2631,0.0001644375,-230940,1.0458567123903755
2632,0.0001645,-238874,1.0457139824600854
2633,0.0001645625,-243818,1.0456250416010793
2634,0.000164625,-246734,1.0455725837643355
2635,0.0001646875,-248360,1.0455433325837644
2636,0.00016475,-249218,1.045527897458961
2637,0.0001648125,-249646,1.0455201978862154
2638,0.000164875,-249848,1.045516563975714
2639,0.0001649375,-249938,1.0455149449066787
2640,0.000165,-249976,1.0455142612997526
2641,0.0001650625,-249992,1.0455139734652574
2642,0.000165125,-249996,1.0455139015066337
2643,0.0001651875,-249998,1.0455138655273217
2644,0.00016525,-250000,1.04551382954801
2645,0.0001653125,-250000,1.04551382954801
2646,0.000165375,-250000,1.04551382954801
2647,0.0001654375,-250000,1.04551382954801
2648,0.0001655,-250000,1.04551382954801
2649,0.0001655625,-250000,1.04551382954801
2650,0.000165625,-250000,1.04551382954801
2651,0.0001656875,-250000,1.04551382954801
2652,0.00016575,-249998,1.0455138655273217
2653,0.0001658125,-249996,1.0455139015066337
2654,0.000165875,-249992,1.0455139734652574
2655,0.0001659375,-249976,1.0455142612997526
2656,0.000166,-249938,1.0455149449066787
2657,0.0001660625,-249848,1.045516563975714
2658,0.000166125,-249646,1.0455201978862154
2659,0.0001661875,-249218,1.045527897458961
2660,0.00016625,-248360,1.0455433325837644
2661,0.0001663125,-246734,1.0455725837643355
2662,0.000166375,-243818,1.0456250416010793
2663,0.0001664375,-238874,1.0457139824600854
2664,0.0001665,-230940,1.0458567123903755
2665,0.0001665625,-218898,1.0460733438272993
2666,0.000166625,-201612,1.0463843130200134
2667,0.0001666875,-178140,1.046806566224421
2668,0.00016675,-147990,1.047348954351248
2669,0.0001668125,-111364,1.0480078434899933
2670,0.000166875,-69276,1.0487649921295255
2671,0.0001669375,-23522,1.0495880908477626
2672,0.000167,23522,1.0504343962221723
2673,0.0001670625,69276,1.0512574949404092
2674,0.000167125,111364,1.0520146435799416
2675,0.0001671875,147990,1.0526735327186867
2676,0.00016725,178140,1.0532159208455139
2677,0.0001673125,201612,1.0536381740499212
2678,0.000167375,218898,1.0539491432426356
2679,0.0001674375,230940,1.0541657746795592
2680,0.0001675,238874,1.0543085046098493
2681,0.0001675625,243818,1.0543974454688554
2682,0.000167625,246734,1.0544499033055992
2683,0.0001676875,248360,1.0544791544861705
2684,0.00016775,249218,1.0544945896109736
2685,0.0001678125,249646,1.0545022891837195
2686,0.000167875,249848,1.0545059230942209
2687,0.0001679375,249938,1.0545075421632562
2688,0.000168,249976,1.054508225770182
2689,0.0001680625,249992,1.0545085136046772
2690,0.000168125,249996,1.0545085855633012
2691,0.0001681875,249998,1.054508621542613
2692,0.00016825,250000,1.054508657521925
2693,0.0001683125,250000,1.054508657521925
2694,0.000168375,250000,1.054508657521925
2695,0.0001684375,250000,1.054508657521925
2696,0.0001685,250000,1.054508657521925
2697,0.0001685625,250000,1.054508657521925
2698,0.000168625,250000,1.054508657521925
2699,0.0001686875,250000,1.054508657521925
2700,0.00016875,249998,1.054508621542613
2701,0.0001688125,249996,1.0545085855633012
2702,0.000168875,249992,1.0545085136046772
2703,0.0001689375,249976,1.054508225770182
2704,0.000169,249938,1.0545075421632562
2705,0.0001690625,249848,1.0545059230942209
2706,0.000169125,249646,1.0545022891837195
2707,0.0001691875,249218,1.0544945896109736
2708,0.00016925,248360,1.0544791544861705
2709,0.0001693125,246734,1.0544499033055992
2710,0.000169375,243818,1.0543974454688554
2711,0.0001694375,238874,1.0543085046098493
2712,0.0001695,230940,1.0541657746795592
2713,0.0001695625,218898,1.0539491432426356
2714,0.000169625,201612,1.0536381740499212
2715,0.0001696875,178140,1.0532159208455139
2716,0.00016975,147992,1.0526735686979987
2717,0.0001698125,111368,1.0520147155385653
2718,0.000169875,69284,1.0512576388576569
2719,0.0001699375,23546,1.050434827973915
2720,0.00017,-23460,1.0495892062064314
2721,0.0001700625,-69124,1.0487677265572295
2722,0.000170125,-111010,1.0480142118281988
2723,0.0001701875,-147208,1.0473630222621992
2724,0.00017025,-176500,1.0468360692601755
2725,0.0001703125,-198346,1.0464430672363392
2726,0.000170375,-212716,1.0461845558803688
2727,0.0001704375,-219814,1.0460568653024511
2728,0.0001705,-219814,1.0460568653024511
2729,0.0001705625,-212716,1.0461845558803688
2730,0.000170625,-198346,1.0464430672363392
2731,0.0001706875,-176500,1.0468360692601755
2732,0.00017075,-147208,1.0473630222621992
2733,0.0001708125,-111010,1.0480142118281988
2734,0.000170875,-69124,1.0487677265572295
2735,0.0001709375,-23460,1.0495892062064314
2736,0.000171,23546,1.050434827973915
2737,0.0001710625,69284,1.0512576388576569
2738,0.000171125,111368,1.0520147155385653
2739,0.0001711875,147992,1.0526735686979987
2740,0.00017125,178140,1.0532159208455139
2741,0.0001713125,201612,1.0536381740499212
2742,0.000171375,218898,1.0539491432426356
2743,0.0001714375,230940,1.0541657746795592
2744,0.0001715,238874,1.0543085046098493
2745,0.0001715625,243818,1.0543974454688554
2746,0.000171625,246734,1.0544499033055992
2747,0.0001716875,248360,1.0544791544861705
2748,0.00017175,249216,1.054494553631662
2749,0.0001718125,249642,1.0545022172250955
2750,0.000171875,249840,1.0545057791769732
2751,0.0001719375,249914,1.0545071104115133
2752,0.000172,249914,1.0545071104115133
2753,0.0001720625,249840,1.0545057791769732
2754,0.000172125,249642,1.0545022172250955
2755,0.0001721875,249216,1.054494553631662
2756,0.00017225,248360,1.0544791544861705
2757,0.0001723125,246734,1.0544499033055992
2758,0.000172375,243818,1.0543974454688554
2759,0.0001724375,238874,1.0543085046098493
2760,0.0001725,230940,1.0541657746795592
2761,0.0001725625,218898,1.0539491432426356
2762,0.000172625,201612,1.0536381740499212
2763,0.0001726875,178140,1.0532159208455139
2764,0.00017275,147990,1.0526735327186867
2765,0.0001728125,111364,1.0520146435799416
2766,0.000172875,69276,1.0512574949404092
2767,0.0001729375,23522,1.0504343962221723
2768,0.000173,-23522,1.0495880908477626
2769,0.0001730625,-69276,1.0487649921295255
2770,0.000173125,-111364,1.0480078434899933
2771,0.0001731875,-147990,1.047348954351248
2772,0.00017325,-178140,1.046806566224421
2773,0.0001733125,-201612,1.0463843130200134
2774,0.000173375,-218898,1.0460733438272993
2775,0.0001734375,-230940,1.0458567123903755
2776,0.0001735,-238874,1.0457139824600854
2777,0.0001735625,-243818,1.0456250416010793
2778,0.000173625,-246734,1.0455725837643355
2779,0.0001736875,-248360,1.0455433325837644
2780,0.00017375,-249218,1.045527897458961
2781,0.0001738125,-249646,1.0455201978862154
2782,0.000173875,-249848,1.045516563975714
2783,0.0001739375,-249938,1.0455149449066787
2784,0.000174,-249976,1.0455142612997526
2785,0.0001740625,-249992,1.0455139734652574
2786,0.000174125,-249996,1.0455139015066337
2787,0.0001741875,-249998,1.0455138655273217
2788,0.00017425,-250000,1.04551382954801
2789,0.0001743125,-250000,1.04551382954801
2790,0.000174375,-250000,1.04551382954801
2791,0.0001744375,-250000,1.04551382954801
2792,0.0001745,-250000,1.04551382954801
2793,0.0001745625,-250000,1.04551382954801
2794,0.000174625,-250000,1.04551382954801
2795,0.0001746875,-250000,1.04551382954801
2796,0.00017475,-249998,1.0455138655273217
2797,0.0001748125,-249996,1.0455139015066337
2798,0.000174875,-249992,1.0455139734652574
2799,0.0001749375,-249976,1.0455142612997526
2800,0.000175,-249938,1.0455149449066787
2801,0.0001750625,-249848,1.045516563975714
2802,0.000175125,-249646,1.0455201978862154
2803,0.0001751875,-249218,1.045527897458961
2804,0.00017525,-248360,1.0455433325837644
2805,0.0001753125,-246734,1.0455725837643355
2806,0.000175375,-243818,1.0456250416010793
2807,0.0001754375,-238874,1.0457139824600854
2808,0.0001755,-230940,1.0458567123903755
2809,0.0001755625,-218898,1.0460733438272993
2810,0.000175625,-201612,1.0463843130200134
2811,0.0001756875,-178140,1.046806566224421
2812,0.00017575,-147992,1.0473489183719362
2813,0.0001758125,-111368,1.0480077715313694
2814,0.000175875,-69284,1.048764848212278
2815,0.0001759375,-23546,1.0495876590960198
2816,0.000176,23460,1.0504332808635035
2817,0.0001760625,69124,1.0512547605127052
2818,0.000176125,111010,1.052008275241736
2819,0.0001761875,147208,1.0526594648077356
2820,0.00017625,176500,1.0531864178097594
2821,0.0001763125,198346,1.0535794198335957
2822,0.000176375,212716,1.053837931189566
2823,0.0001764375,219814,1.0539656217674838
2824,0.0001765,219814,1.0539656217674838
2825,0.0001765625,212716,1.053837931189566
2826,0.000176625,198346,1.0535794198335957
2827,0.0001766875,176500,1.0531864178097594
2828,0.00017675,147208,1.0526594648077356
2829,0.0001768125,111010,1.052008275241736
2830,0.000176875,69124,1.0512547605127052
2831,0.0001769375,23460,1.0504332808635035
2832,0.000177,-23546,1.0495876590960198
2833,0.0001770625,-69284,1.048764848212278
2834,0.000177125,-111368,1.0480077715313694
2835,0.0001771875,-147992,1.0473489183719362
2836,0.00017725,-178140,1.046806566224421
2837,0.0001773125,-201612,1.0463843130200134
2838,0.000177375,-218898,1.0460733438272993
2839,0.0001774375,-230940,1.0458567123903755
2840,0.0001775,-238874,1.0457139824600854
2841,0.0001775625,-243818,1.0456250416010793
2842,0.000177625,-246734,1.0455725837643355
2843,0.0001776875,-248360,1.0455433325837644
2844,0.00017775,-249216,1.045527933438273
2845,0.0001778125,-249642,1.0455202698448391
2846,0.000177875,-249840,1.0455167078929615
2847,0.0001779375,-249914,1.0455153766584213
2848,0.000178,-249914,1.0455153766584213
2849,0.0001780625,-249840,1.0455167078929615
2850,0.000178125,-249642,1.0455202698448391
2851,0.0001781875,-249216,1.045527933438273
2852,0.00017825,-248360,1.0455433325837644
2853,0.0001783125,-246734,1.0455725837643355
2854,0.000178375,-243818,1.0456250416010793
2855,0.0001784375,-238874,1.0457139824600854
2856,0.0001785,-230940,1.0458567123903755
2857,0.0001785625,-218898,1.0460733438272993
2858,0.000178625,-201612,1.0463843130200134
2859,0.0001786875,-178140,1.046806566224421
2860,0.00017875,-147990,1.047348954351248
2861,0.0001788125,-111364,1.0480078434899933
2862,0.000178875,-69276,1.0487649921295255
2863,0.0001789375,-23522,1.0495880908477626
2864,0.000179,23522,1.0504343962221723
2865,0.0001790625,69276,1.0512574949404092
2866,0.000179125,111364,1.0520146435799416
2867,0.0001791875,147990,1.0526735327186867
2868,0.00017925,178140,1.0532159208455139
2869,0.0001793125,201612,1.0536381740499212
2870,0.000179375,218898,1.0539491432426356
2871,0.0001794375,230940,1.0541657746795592
2872,0.0001795,238874,1.0543085046098493
2873,0.0001795625,243818,1.0543974454688554
2874,0.000179625,246734,1.0544499033055992
2875,0.0001796875,248360,1.0544791544861705
2876,0.00017975,249216,1.054494553631662
2877,0.0001798125,249642,1.0545022172250955
2878,0.000179875,249840,1.0545057791769732
2879,0.0001799375,249914,1.0545071104115133
2880,0.00018,249914,1.0545071104115133
2881,0.0001800625,249840,1.0545057791769732
2882,0.000180125,249642,1.0545022172250955
2883,0.0001801875,249216,1.054494553631662
2884,0.00018025,248360,1.0544791544861705
2885,0.0001803125,246734,1.0544499033055992
2886,0.000180375,243818,1.0543974454688554
2887,0.0001804375,238874,1.0543085046098493
2888,0.0001805,230940,1.0541657746795592
2889,0.0001805625,218898,1.0539491432426356
2890,0.000180625,201612,1.0536381740499212
2891,0.0001806875,178140,1.0532159208455139
2892,0.00018075,147992,1.0526735686979987
2893,0.0001808125,111368,1.0520147155385653
2894,0.000180875,69284,1.0512576388576569
2895,0.0001809375,23546,1.050434827973915
2896,0.000181,-23460,1.0495892062064314
2897,0.0001810625,-69124,1.0487677265572295
2898,0.000181125,-111010,1.0480142118281988
2899,0.0001811875,-147208,1.0473630222621992
2900,0.00018125,-176500,1.0468360692601755
2901,0.0001813125,-198346,1.0464430672363392
2902,0.000181375,-212716,1.0461845558803688
2903,0.0001814375,-219814,1.0460568653024511
2904,0.0001815,-219814,1.0460568653024511
2905,0.0001815625,-212716,1.0461845558803688
2906,0.000181625,-198346,1.0464430672363392
2907,0.0001816875,-176500,1.0468360692601755
2908,0.00018175,-147210,1.0473629862828873
2909,0.0001818125,-111014,1.048014139869575
2910,0.000181875,-69132,1.048767582639982
2911,0.0001819375,-23484,1.0495887744546886
2912,0.000182,23484,1.0504337126152463
2913,0.0001820625,69132,1.0512549044299528
2914,0.000182125,111014,1.0520083472003599
2915,0.0001821875,147210,1.0526595007870474
2916,0.00018225,176500,1.0531864178097594
2917,0.0001823125,198346,1.0535794198335957
2918,0.000182375,212716,1.053837931189566
2919,0.0001824375,219814,1.0539656217674838
2920,0.0001825,219814,1.0539656217674838
2921,0.0001825625,212716,1.053837931189566
2922,0.000182625,198346,1.0535794198335957
2923,0.0001826875,176500,1.0531864178097594
2924,0.00018275,147208,1.0526594648077356
2925,0.0001828125,111010,1.052008275241736
2926,0.000182875,69124,1.0512547605127052
2927,0.0001829375,23460,1.0504332808635035
2928,0.000183,-23546,1.0495876590960198
2929,0.0001830625,-69284,1.048764848212278
2930,0.000183125,-111368,1.0480077715313694
2931,0.0001831875,-147992,1.0473489183719362
2932,0.00018325,-178140,1.046806566224421
2933,0.0001833125,-201612,1.0463843130200134
2934,0.000183375,-218898,1.0460733438272993
2935,0.0001834375,-230940,1.0458567123903755
2936,0.0001835,-238874,1.0457139824600854
2937,0.0001835625,-243818,1.0456250416010793
2938,0.000183625,-246734,1.0455725837643355
2939,0.0001836875,-248360,1.0455433325837644
2940,0.00018375,-249218,1.045527897458961
2941,0.0001838125,-249646,1.0455201978862154
2942,0.000183875,-249848,1.045516563975714
2943,0.0001839375,-249938,1.0455149449066787
2944,0.000184,-249976,1.0455142612997526
2945,0.0001840625,-249992,1.0455139734652574
2946,0.000184125,-249996,1.0455139015066337
2947,0.0001841875,-249998,1.0455138655273217
2948,0.00018425,-250000,1.04551382954801
2949,0.0001843125,-250000,1.04551382954801
2950,0.000184375,-250000,1.04551382954801
2951,0.0001844375,-250000,1.04551382954801
2952,0.0001845,-250000,1.04551382954801
2953,0.0001845625,-250000,1.04551382954801
2954,0.000184625,-250000,1.04551382954801
2955,0.0001846875,-250000,1.04551382954801
2956,0.00018475,-250000,1.04551382954801
2957,0.0001848125,-250000,1.04551382954801
2958,0.000184875,-250000,1.04551382954801
2959,0.0001849375,-250000,1.04551382954801
2960,0.000185,-250000,1.04551382954801
2961,0.0001850625,-250000,1.04551382954801
2962,0.000185125,-250000,1.04551382954801
2963,0.0001851875,-250000,1.04551382954801
2964,0.00018525,-250000,1.04551382954801
2965,0.0001853125,-250000,1.04551382954801
2966,0.000185375,-250000,1.04551382954801
2967,0.0001854375,-250000,1.04551382954801
2968,0.0001855,-250000,1.04551382954801
2969,0.0001855625,-250000,1.04551382954801
2970,0.000185625,-250000,1.04551382954801
2971,0.0001856875,-250000,1.04551382954801
2972,0.00018575,-250000,1.04551382954801
2973,0.0001858125,-250000,1.04551382954801
2974,0.000185875,-250000,1.04551382954801
2975,0.0001859375,-250000,1.04551382954801
2976,0.000186,-250000,1.04551382954801
2977,0.0001860625,-250000,1.04551382954801
2978,0.000186125,-250000,1.04551382954801
2979,0.0001861875,-250000,1.04551382954801
2980,0.00018625,-250000,1.04551382954801
2981,0.0001863125,-250000,1.04551382954801
2982,0.000186375,-250000,1.04551382954801
2983,0.0001864375,-250000,1.04551382954801
2984,0.0001865,-250000,1.04551382954801
2985,0.0001865625,-250000,1.04551382954801
2986,0.000186625,-250000,1.04551382954801
2987,0.0001866875,-250000,1.04551382954801
2988,0.00018675,-250000,1.04551382954801
2989,0.0001868125,-250000,1.04551382954801
2990,0.000186875,-250000,1.04551382954801
2991,0.0001869375,-250000,1.04551382954801
2992,0.000187,-250000,1.04551382954801
2993,0.0001870625,-250000,1.04551382954801
2994,0.000187125,-250000,1.04551382954801
2995,0.0001871875,-250000,1.04551382954801
2996,0.00018725,-250000,1.04551382954801
2997,0.0001873125,-250000,1.04551382954801
2998,0.000187375,-250000,1.04551382954801
2999,0.0001874375,-250000,1.04551382954801
3000,0.0001875,-250000,1.04551382954801
3001,0.0001875625,-250000,1.04551382954801
3002,0.000187625,-250000,1.04551382954801
3003,0.0001876875,-250000,1.04551382954801
3004,0.00018775,-249998,1.0455138655273217
3005,0.0001878125,-249996,1.0455139015066337
3006,0.000187875,-249992,1.0455139734652574
3007,0.0001879375,-249976,1.0455142612997526
3008,0.000188,-249938,1.0455149449066787
3009,0.0001880625,-249848,1.045516563975714
3010,0.000188125,-249646,1.0455201978862154
3011,0.0001881875,-249218,1.045527897458961
3012,0.00018825,-248360,1.0455433325837644
3013,0.0001883125,-246734,1.0455725837643355
3014,0.000188375,-243818,1.0456250416010793
3015,0.0001884375,-238874,1.0457139824600854
3016,0.0001885,-230940,1.0458567123903755
3017,0.0001885625,-218898,1.0460733438272993
3018,0.000188625,-201612,1.0463843130200134
3019,0.0001886875,-178140,1.046806566224421
3020,0.00018875,-147992,1.0473489183719362
3021,0.0001888125,-111368,1.0480077715313694
3022,0.000188875,-69284,1.048764848212278
3023,0.0001889375,-23546,1.0495876590960198
3024,0.000189,23460,1.0504332808635035
3025,0.0001890625,69124,1.0512547605127052
3026,0.000189125,111010,1.052008275241736
3027,0.0001891875,147208,1.0526594648077356
3028,0.00018925,176500,1.0531864178097594
3029,0.0001893125,198346,1.0535794198335957
3030,0.000189375,212716,1.053837931189566
3031,0.0001894375,219814,1.0539656217674838
3032,0.0001895,219814,1.0539656217674838
3033,0.0001895625,212716,1.053837931189566
3034,0.000189625,198346,1.0535794198335957
3035,0.0001896875,176500,1.0531864178097594
3036,0.00018975,147210,1.0526595007870474
3037,0.0001898125,111014,1.0520083472003599
3038,0.000189875,69132,1.0512549044299528
3039,0.0001899375,23484,1.0504337126152463
3040,0.00019,-23484,1.0495887744546886
3041,0.0001900625,-69132,1.048767582639982
3042,0.000190125,-111014,1.048014139869575
3043,0.0001901875,-147210,1.0473629862828873
3044,0.00019025,-176500,1.0468360692601755
3045,0.0001903125,-198346,1.0464430672363392
3046,0.000190375,-212716,1.0461845558803688
3047,0.0001904375,-219814,1.0460568653024511
3048,0.0001905,-219814,1.0460568653024511
3049,0.0001905625,-212716,1.0461845558803688
3050,0.000190625,-198346,1.0464430672363392
3051,0.0001906875,-176500,1.0468360692601755
3052,0.00019075,-147210,1.0473629862828873
3053,0.0001908125,-111014,1.048014139869575
3054,0.000190875,-69132,1.048767582639982
3055,0.0001909375,-23484,1.0495887744546886
3056,0.000191,23484,1.0504337126152463
3057,0.0001910625,69132,1.0512549044299528
3058,0.000191125,111014,1.0520083472003599
3059,0.0001911875,147210,1.0526595007870474
3060,0.00019125,176500,1.0531864178097594
3061,0.0001913125,198346,1.0535794198335957
3062,0.000191375,212716,1.053837931189566
3063,0.0001914375,219814,1.0539656217674838
3064,0.0001915,219814,1.0539656217674838
3065,0.0001915625,212716,1.053837931189566
3066,0.000191625,198346,1.0535794198335957
3067,0.0001916875,176500,1.0531864178097594
3068,0.00019175,147210,1.0526595007870474
3069,0.0001918125,111014,1.0520083472003599
3070,0.000191875,69132,1.0512549044299528
3071,0.0001919375,23484,1.0504337126152463
3072,0.000192,-23484,1.0495887744546886
3073,0.0001920625,-69132,1.048767582639982
3074,0.000192125,-111014,1.048014139869575
3075,0.0001921875,-147210,1.0473629862828873
3076,0.00019225,-176500,1.0468360692601755
3077,0.0001923125,-198346,1.0464430672363392
3078,0.000192375,-212716,1.0461845558803688
3079,0.0001924375,-219814,1.0460568653024511
3080,0.0001925,-219814,1.0460568653024511
3081,0.0001925625,-212716,1.0461845558803688
3082,0.000192625,-198346,1.0464430672363392
3083,0.0001926875,-176500,1.0468360692601755
3084,0.00019275,-147208,1.0473630222621992
3085,0.0001928125,-111010,1.0480142118281988
3086,0.000192875,-69124,1.0487677265572295
3087,0.0001929375,-23460,1.0495892062064314
3088,0.000193,23546,1.050434827973915
3089,0.0001930625,69284,1.0512576388576569
3090,0.000193125,111368,1.0520147155385653
3091,0.0001931875,147992,1.0526735686979987
3092,0.00019325,178140,1.0532159208455139
3093,0.0001933125,201612,1.0536381740499212
3094,0.000193375,218898,1.0539491432426356
3095,0.0001934375,230940,1.0541657746795592
3096,0.0001935,238874,1.0543085046098493
3097,0.0001935625,243818,1.0543974454688554
3098,0.000193625,246734,1.0544499033055992
3099,0.0001936875,248360,1.0544791544861705
3100,0.00019375,249218,1.0544945896109736
3101,0.0001938125,249646,1.0545022891837195
3102,0.000193875,249848,1.0545059230942209
3103,0.0001939375,249938,1.0545075421632562
3104,0.000194,249976,1.054508225770182
3105,0.0001940625,249992,1.0545085136046772
3106,0.000194125,249996,1.0545085855633012
3107,0.0001941875,249998,1.054508621542613
3108,0.00019425,250000,1.054508657521925
3109,0.0001943125,250000,1.054508657521925
3110,0.000194375,250000,1.054508657521925
3111,0.0001944375,250000,1.054508657521925
3112,0.0001945,250000,1.054508657521925
3113,0.0001945625,250000,1.054508657521925
3114,0.000194625,250000,1.054508657521925
3115,0.0001946875,250000,1.054508657521925
3116,0.00019475,249998,1.054508621542613
3117,0.0001948125,249996,1.0545085855633012
3118,0.000194875,249992,1.0545085136046772
3119,0.0001949375,249976,1.054508225770182
3120,0.000195,249938,1.0545075421632562
3121,0.0001950625,249848,1.0545059230942209
3122,0.000195125,249646,1.0545022891837195
3123,0.0001951875,249218,1.0544945896109736
3124,0.00019525,248360,1.0544791544861705
3125,0.0001953125,246734,1.0544499033055992
3126,0.000195375,243818,1.0543974454688554
3127,0.0001954375,238874,1.0543085046098493
3128,0.0001955,230940,1.0541657746795592
3129,0.0001955625,218898,1.0539491432426356
3130,0.000195625,201612,1.0536381740499212
3131,0.0001956875,178140,1.0532159208455139
3132,0.00019575,147992,1.0526735686979987
3133,0.0001958125,111368,1.0520147155385653
3134,0.000195875,69284,1.0512576388576569
3135,0.0001959375,23546,1.050434827973915
3136,0.000196,-23460,1.0495892062064314
3137,0.0001960625,-69124,1.0487677265572295
3138,0.000196125,-111010,1.0480142118281988
3139,0.0001961875,-147208,1.0473630222621992
3140,0.00019625,-176500,1.0468360692601755
3141,0.0001963125,-198346,1.0464430672363392
3142,0.000196375,-212716,1.0461845558803688
3143,0.0001964375,-219814,1.0460568653024511
3144,0.0001965,-219814,1.0460568653024511
3145,0.0001965625,-212716,1.0461845558803688
3146,0.000196625,-198346,1.0464430672363392
3147,0.0001966875,-176500,1.0468360692601755
3148,0.00019675,-147210,1.0473629862828873
3149,0.0001968125,-111014,1.048014139869575
3150,0.000196875,-69132,1.048767582639982
3151,0.0001969375,-23484,1.0495887744546886
3152,0.000197,23484,1.0504337126152463
3153,0.0001970625,69132,1.0512549044299528
3154,0.000197125,111014,1.0520083472003599
3155,0.0001971875,147210,1.0526595007870474
3156,0.00019725,176500,1.0531864178097594
3157,0.0001973125,198346,1.0535794198335957
3158,0.000197375,212716,1.053837931189566
3159,0.0001974375,219814,1.0539656217674838
3160,0.0001975,219814,1.0539656217674838
3161,0.0001975625,212716,1.053837931189566
3162,0.000197625,198346,1.0535794198335957
3163,0.0001976875,176500,1.0531864178097594
3164,0.00019775,147208,1.0526594648077356
3165,0.0001978125,111010,1.052008275241736
3166,0.000197875,69124,1.0512547605127052
3167,0.0001979375,23460,1.0504332808635035
3168,0.000198,-23546,1.0495876590960198
3169,0.0001980625,-69284,1.048764848212278
3170,0.000198125,-111368,1.0480077715313694
3171,0.0001981875,-147992,1.0473489183719362
3172,0.00019825,-178140,1.046806566224421
3173,0.0001983125,-201612,1.0463843130200134
3174,0.000198375,-218898,1.0460733438272993
3175,0.0001984375,-230940,1.0458567123903755
3176,0.0001985,-238874,1.0457139824600854
3177,0.0001985625,-243818,1.0456250416010793
3178,0.000198625,-246734,1.0455725837643355
3179,0.0001986875,-248360,1.0455433325837644
3180,0.00019875,-249218,1.045527897458961
3181,0.0001988125,-249646,1.0455201978862154
3182,0.000198875,-249848,1.045516563975714
3183,0.0001989375,-249938,1.0455149449066787
3184,0.000199,-249976,1.0455142612997526
3185,0.0001990625,-249992,1.0455139734652574
3186,0.000199125,-249996,1.0455139015066337
3187,0.0001991875,-249998,1.0455138655273217
3188,0.00019925,-250000,1.04551382954801
3189,0.0001993125,-250000,1.04551382954801
3190,0.000199375,-250000,1.04551382954801
3191,0.0001994375,-250000,1.04551382954801
3192,0.0001995,-250000,1.04551382954801
3193,0.0001995625,-250000,1.04551382954801
3194,0.000199625,-250000,1.04551382954801
3195,0.0001996875,-250000,1.04551382954801
3196,0.00019975,-249998,1.0455138655273217
3197,0.0001998125,-249996,1.0455139015066337
3198,0.000199875,-249992,1.0455139734652574
3199,0.0001999375,-249976,1.0455142612997526
3200,0.0002,-249938,1.0455149449066787
3201,0.0002000625,-249848,1.045516563975714
3202,0.000200125,-249646,1.0455201978862154
3203,0.0002001875,-249218,1.045527897458961
3204,0.00020025,-248360,1.0455433325837644
3205,0.0002003125,-246734,1.0455725837643355
3206,0.000200375,-243818,1.0456250416010793
3207,0.0002004375,-238874,1.0457139824600854
3208,0.0002005,-230940,1.0458567123903755
3209,0.0002005625,-218898,1.0460733438272993
3210,0.000200625,-201612,1.0463843130200134
3211,0.0002006875,-178140,1.046806566224421
3212,0.00020075,-147990,1.047348954351248
3213,0.0002008125,-111364,1.0480078434899933
3214,0.000200875,-69276,1.0487649921295255
3215,0.0002009375,-23522,1.0495880908477626
3216,0.000201,23522,1.0504343962221723
3217,0.0002010625,69276,1.0512574949404092
3218,0.000201125,111364,1.0520146435799416
3219,0.0002011875,147990,1.0526735327186867
3220,0.00020125,178140,1.0532159208455139
3221,0.0002013125,201612,1.0536381740499212
3222,0.000201375,218898,1.0539491432426356
3223,0.0002014375,230940,1.0541657746795592
3224,0.0002015,238874,1.0543085046098493
3225,0.0002015625,243818,1.0543974454688554
3226,0.000201625,246734,1.0544499033055992
3227,0.0002016875,248360,1.0544791544861705
3228,0.00020175,249218,1.0544945896109736
3229,0.0002018125,249646,1.0545022891837195
3230,0.000201875,249848,1.0545059230942209
3231,0.0002019375,249938,1.0545075421632562
3232,0.000202,249976,1.054508225770182
3233,0.0002020625,249992,1.0545085136046772
3234,0.000202125,249996,1.0545085855633012
3235,0.0002021875,249998,1.054508621542613
3236,0.00020225,250000,1.054508657521925
3237,0.0002023125,250000,1.054508657521925
3238,0.000202375,250000,1.054508657521925
3239,0.0002024375,250000,1.054508657521925
3240,0.0002025,250000,1.054508657521925
3241,0.0002025625,250000,1.054508657521925
3242,0.000202625,250000,1.054508657521925
3243,0.0002026875,250000,1.054508657521925
3244,0.00020275,249998,1.054508621542613
3245,0.0002028125,249996,1.0545085855633012
3246,0.000202875,249992,1.0545085136046772
3247,0.0002029375,249976,1.054508225770182
3248,0.000203,249938,1.0545075421632562
3249,0.0002030625,249848,1.0545059230942209
3250,0.000203125,249646,1.0545022891837195
3251,0.0002031875,249218,1.0544945896109736
3252,0.00020325,248360,1.0544791544861705
3253,0.0002033125,246734,1.0544499033055992
3254,0.000203375,243818,1.0543974454688554
3255,0.0002034375,238874,1.0543085046098493
3256,0.0002035,230940,1.0541657746795592
3257,0.0002035625,218898,1.0539491432426356
3258,0.000203625,201612,1.0536381740499212
3259,0.0002036875,178140,1.0532159208455139
3260,0.00020375,147992,1.0526735686979987
3261,0.0002038125,111368,1.0520147155385653
3262,0.000203875,69284,1.0512576388576569
3263,0.0002039375,23546,1.050434827973915
3264,0.000204,-23460,1.0495892062064314
3265,0.0002040625,-69124,1.0487677265572295
3266,0.000204125,-111010,1.0480142118281988
3267,0.0002041875,-147208,1.0473630222621992
3268,0.00020425,-176500,1.0468360692601755
3269,0.0002043125,-198346,1.0464430672363392
3270,0.000204375,-212716,1.0461845558803688
3271,0.0002044375,-219814,1.0460568653024511
3272,0.0002045,-219814,1.0460568653024511
3273,0.0002045625,-212716,1.0461845558803688
3274,0.000204625,-198346,1.0464430672363392
3275,0.0002046875,-176500,1.0468360692601755
3276,0.00020475,-147208,1.0473630222621992
3277,0.0002048125,-111010,1.0480142118281988
3278,0.000204875,-69124,1.0487677265572295
3279,0.0002049375,-23460,1.0495892062064314
3280,0.000205,23546,1.050434827973915
3281,0.0002050625,69284,1.0512576388576569
3282,0.000205125,111368,1.0520147155385653
3283,0.0002051875,147992,1.0526735686979987
3284,0.00020525,178140,1.0532159208455139
3285,0.0002053125,201612,1.0536381740499212
3286,0.000205375,218898,1.0539491432426356
3287,0.0002054375,230940,1.0541657746795592
3288,0.0002055,238874,1.0543085046098493
3289,0.0002055625,243818,1.0543974454688554
3290,0.000205625,246734,1.0544499033055992
3291,0.0002056875,248360,1.0544791544861705
3292,0.00020575,249218,1.0544945896109736
3293,0.0002058125,249646,1.0545022891837195
3294,0.000205875,249848,1.0545059230942209
3295,0.0002059375,249938,1.0545075421632562
3296,0.000206,249976,1.054508225770182
3297,0.0002060625,249992,1.0545085136046772
3298,0.000206125,249996,1.0545085855633012
3299,0.0002061875,249998,1.054508621542613
3300,0.00020625,250000,1.054508657521925
3301,0.0002063125,250000,1.054508657521925
3302,0.000206375,250000,1.054508657521925
3303,0.0002064375,250000,1.054508657521925
3304,0.0002065,250000,1.054508657521925
3305,0.0002065625,250000,1.054508657521925
3306,0.000206625,250000,1.054508657521925
3307,0.0002066875,250000,1.054508657521925
3308,0.00020675,249998,1.054508621542613
3309,0.0002068125,249996,1.0545085855633012
3310,0.000206875,249992,1.0545085136046772
3311,0.0002069375,249976,1.054508225770182
3312,0.000207,249938,1.0545075421632562
3313,0.0002070625,249848,1.0545059230942209
3314,0.000207125,249646,1.0545022891837195
3315,0.0002071875,249218,1.0544945896109736
3316,0.00020725,248360,1.0544791544861705
3317,0.0002073125,246734,1.0544499033055992
3318,0.000207375,243818,1.0543974454688554
3319,0.0002074375,238874,1.0543085046098493
3320,0.0002075,230940,1.0541657746795592
3321,0.0002075625,218898,1.0539491432426356
3322,0.000207625,201612,1.0536381740499212
3323,0.0002076875,178140,1.0532159208455139
3324,0.00020775,147990,1.0526735327186867
3325,0.0002078125,111364,1.0520146435799416
3326,0.000207875,69276,1.0512574949404092
3327,0.0002079375,23522,1.0504343962221723
3328,0.000208,-23522,1.0495880908477626
3329,0.0002080625,-69276,1.0487649921295255
3330,0.000208125,-111364,1.0480078434899933
3331,0.0002081875,-147990,1.047348954351248
3332,0.00020825,-178140,1.046806566224421
3333,0.0002083125,-201612,1.0463843130200134
3334,0.000208375,-218898,1.0460733438272993
3335,0.0002084375,-230940,1.0458567123903755
3336,0.0002085,-238874,1.0457139824600854
3337,0.0002085625,-243818,1.0456250416010793
3338,0.000208625,-246734,1.0455725837643355
3339,0.0002086875,-248360,1.0455433325837644
3340,0.00020875,-249216,1.045527933438273
3341,0.0002088125,-249642,1.0455202698448391
3342,0.000208875,-249840,1.0455167078929615
3343,0.0002089375,-249914,1.0455153766584213
3344,0.000209,-249914,1.0455153766584213
3345,0.0002090625,-249840,1.0455167078929615
3346,0.000209125,-249642,1.0455202698448391
3347,0.0002091875,-249216,1.045527933438273
3348,0.00020925,-248360,1.0455433325837644
3349,0.0002093125,-246734,1.0455725837643355
3350,0.000209375,-243818,1.0456250416010793
3351,0.0002094375,-238874,1.0457139824600854
3352,0.0002095,-230940,1.0458567123903755
3353,0.0002095625,-218898,1.0460733438272993
3354,0.000209625,-201612,1.0463843130200134
3355,0.0002096875,-178140,1.046806566224421
3356,0.00020975,-147990,1.047348954351248
3357,0.0002098125,-111364,1.0480078434899933
3358,0.000209875,-69276,1.0487649921295255
3359,0.0002099375,-23522,1.0495880908477626
3360,0.00021,23522,1.0504343962221723
3361,0.0002100625,69276,1.0512574949404092
3362,0.000210125,111364,1.0520146435799416
3363,0.0002101875,147990,1.0526735327186867
3364,0.00021025,178140,1.0532159208455139
3365,0.0002103125,201612,1.0536381740499212
3366,0.000210375,218898,1.0539491432426356
3367,0.0002104375,230940,1.0541657746795592
3368,0.0002105,238874,1.0543085046098493
3369,0.0002105625,243818,1.0543974454688554
3370,0.000210625,246734,1.0544499033055992
3371,0.0002106875,248360,1.0544791544861705
3372,0.00021075,249216,1.054494553631662
3373,0.0002108125,249642,1.0545022172250955
3374,0.000210875,249840,1.0545057791769732
3375,0.0002109375,249914,1.0545071104115133
3376,0.000211,249914,1.0545071104115133
3377,0.0002110625,249840,1.0545057791769732
3378,0.000211125,249642,1.0545022172250955
3379,0.0002111875,249216,1.054494553631662
3380,0.00021125,248360,1.0544791544861705
3381,0.0002113125,246734,1.0544499033055992
3382,0.000211375,243818,1.0543974454688554
3383,0.0002114375,238874,1.0543085046098493
3384,0.0002115,230940,1.0541657746795592
3385,0.0002115625,218898,1.0539491432426356
3386,0.000211625,201612,1.0536381740499212
3387,0.0002116875,178140,1.0532159208455139
3388,0.00021175,147992,1.0526735686979987
3389,0.0002118125,111368,1.0520147155385653
3390,0.000211875,69284,1.0512576388576569
3391,0.0002119375,23546,1.050434827973915
3392,0.000212,-23460,1.0495892062064314
3393,0.0002120625,-69124,1.0487677265572295
3394,0.000212125,-111010,1.0480142118281988
3395,0.0002121875,-147208,1.0473630222621992
3396,0.00021225,-176500,1.0468360692601755
3397,0.0002123125,-198346,1.0464430672363392
3398,0.000212375,-212716,1.0461845558803688
3399,0.0002124375,-219814,1.0460568653024511
3400,0.0002125,-219814,1.0460568653024511
3401,0.0002125625,-212716,1.0461845558803688
3402,0.000212625,-198346,1.0464430672363392
3403,0.0002126875,-176500,1.0468360692601755
3404,0.00021275,-147210,1.0473629862828873
3405,0.0002128125,-111014,1.048014139869575
3406,0.000212875,-69132,1.048767582639982
3407,0.0002129375,-23484,1.0495887744546886
3408,0.000213,23484,1.0504337126152463
3409,0.0002130625,69132,1.0512549044299528
3410,0.000213125,111014,1.0520083472003599
3411,0.0002131875,147210,1.0526595007870474
3412,0.00021325,176500,1.0531864178097594
3413,0.0002133125,198346,1.0535794198335957
3414,0.000213375,212716,1.053837931189566
3415,0.0002134375,219814,1.0539656217674838
3416,0.0002135,219814,1.0539656217674838
3417,0.0002135625,212716,1.053837931189566
3418,0.000213625,198346,1.0535794198335957
3419,0.0002136875,176500,1.0531864178097594
3420,0.00021375,147208,1.0526594648077356
3421,0.0002138125,111010,1.052008275241736
3422,0.000213875,69124,1.0512547605127052
3423,0.0002139375,23460,1.0504332808635035
3424,0.000214,-23546,1.0495876590960198
3425,0.0002140625,-69284,1.048764848212278
3426,0.000214125,-111368,1.0480077715313694
3427,0.0002141875,-147992,1.0473489183719362
3428,0.00021425,-178140,1.046806566224421
3429,0.0002143125,-201612,1.0463843130200134
3430,0.000214375,-218898,1.0460733438272993
3431,0.0002144375,-230940,1.0458567123903755
3432,0.0002145,-238874,1.0457139824600854
3433,0.0002145625,-243818,1.0456250416010793
3434,0.000214625,-246734,1.0455725837643355
3435,0.0002146875,-248360,1.0455433325837644
3436,0.00021475,-249216,1.045527933438273
3437,0.0002148125,-249642,1.0455202698448391
3438,0.000214875,-249840,1.0455167078929615
3439,0.0002149375,-249914,1.0455153766584213
3440,0.000215,-249914,1.0455153766584213
3441,0.0002150625,-249840,1.0455167078929615
3442,0.000215125,-249642,1.0455202698448391
3443,0.0002151875,-249216,1.045527933438273
3444,0.00021525,-248360,1.0455433325837644
3445,0.0002153125,-246734,1.0455725837643355
3446,0.000215375,-243818,1.0456250416010793
3447,0.0002154375,-238874,1.0457139824600854
3448,0.0002155,-230940,1.0458567123903755
3449,0.0002155625,-218898,1.0460733438272993
3450,0.000215625,-201612,1.0463843130200134
3451,0.0002156875,-178140,1.046806566224421
3452,0.00021575,-147990,1.047348954351248
3453,0.0002158125,-111364,1.0480078434899933
3454,0.000215875,-69276,1.0487649921295255
3455,0.0002159375,-23522,1.0495880908477626
3456,0.000216,23522,1.0504343962221723
3457,0.0002160625,69276,1.0512574949404092
3458,0.000216125,111364,1.0520146435799416
3459,0.0002161875,147990,1.0526735327186867
3460,0.00021625,178140,1.0532159208455139
3461,0.0002163125,201612,1.0536381740499212
3462,0.000216375,218898,1.0539491432426356
3463,0.0002164375,230940,1.0541657746795592
3464,0.0002165,238874,1.0543085046098493
3465,0.0002165625,243818,1.0543974454688554
3466,0.000216625,246734,1.0544499033055992
3467,0.0002166875,248360,1.0544791544861705
3468,0.00021675,249216,1.054494553631662
3469,0.0002168125,249642,1.0545022172250955
3470,0.000216875,249840,1.0545057791769732
3471,0.0002169375,249914,1.0545071104115133
3472,0.000217,249914,1.0545071104115133
3473,0.0002170625,249840,1.0545057791769732
3474,0.000217125,249642,1.0545022172250955
3475,0.0002171875,249216,1.054494553631662
3476,0.00021725,248360,1.0544791544861705
3477,0.0002173125,246734,1.0544499033055992
3478,0.000217375,243818,1.0543974454688554
3479,0.0002174375,238874,1.0543085046098493
3480,0.0002175,230940,1.0541657746795592
3481,0.0002175625,218898,1.0539491432426356
3482,0.000217625,201612,1.0536381740499212
3483,0.0002176875,178140,1.0532159208455139
3484,0.00021775,147990,1.0526735327186867
3485,0.0002178125,111364,1.0520146435799416
3486,0.000217875,69276,1.0512574949404092
3487,0.0002179375,23522,1.0504343962221723
3488,0.000218,-23522,1.0495880908477626
3489,0.0002180625,-69276,1.0487649921295255
3490,0.000218125,-111364,1.0480078434899933
3491,0.0002181875,-147990,1.047348954351248
3492,0.00021825,-178140,1.046806566224421
3493,0.0002183125,-201612,1.0463843130200134
3494,0.000218375,-218898,1.0460733438272993
3495,0.0002184375,-230940,1.0458567123903755
3496,0.0002185,-238874,1.0457139824600854
3497,0.0002185625,-243818,1.0456250416010793
3498,0.000218625,-246734,1.0455725837643355
3499,0.0002186875,-248360,1.0455433325837644
3500,0.00021875,-249216,1.045527933438273
3501,0.0002188125,-249642,1.0455202698448391
3502,0.000218875,-249840,1.0455167078929615
3503,0.0002189375,-249914,1.0455153766584213
3504,0.000219,-249914,1.0455153766584213
3505,0.0002190625,-249840,1.0455167078929615
3506,0.000219125,-249642,1.0455202698448391
3507,0.0002191875,-249216,1.045527933438273
3508,0.00021925,-248360,1.0455433325837644
3509,0.0002193125,-246734,1.0455725837643355
3510,0.000219375,-243818,1.0456250416010793
3511,0.0002194375,-238874,1.0457139824600854
3512,0.0002195,-230940,1.0458567123903755
3513,0.0002195625,-218898,1.0460733438272993
3514,0.000219625,-201612,1.0463843130200134
3515,0.0002196875,-178140,1.046806566224421
3516,0.00021975,-147992,1.0473489183719362
3517,0.0002198125,-111368,1.0480077715313694
3518,0.000219875,-69284,1.048764848212278
3519,0.0002199375,-23546,1.0495876590960198
3520,0.00022,23460,1.0504332808635035
3521,0.0002200625,69124,1.0512547605127052
3522,0.000220125,111010,1.052008275241736
3523,0.0002201875,147208,1.0526594648077356
3524,0.00022025,176500,1.0531864178097594
3525,0.0002203125,198346,1.0535794198335957
3526,0.000220375,212716,1.053837931189566
3527,0.0002204375,219814,1.0539656217674838
3528,0.0002205,219814,1.0539656217674838
3529,0.0002205625,212716,1.053837931189566
3530,0.000220625,198346,1.0535794198335957
3531,0.0002206875,176500,1.0531864178097594
3532,0.00022075,147210,1.0526595007870474
3533,0.0002208125,111014,1.0520083472003599
3534,0.000220875,69132,1.0512549044299528
3535,0.0002209375,23484,1.0504337126152463
3536,0.000221,-23484,1.0495887744546886
3537,0.0002210625,-69132,1.048767582639982
3538,0.000221125,-111014,1.048014139869575
3539,0.0002211875,-147210,1.0473629862828873
3540,0.00022125,-176500,1.0468360692601755
3541,0.0002213125,-198346,1.0464430672363392
3542,0.000221375,-212716,1.0461845558803688
3543,0.0002214375,-219814,1.0460568653024511
3544,0.0002215,-219814,1.0460568653024511
3545,0.0002215625,-212716,1.0461845558803688
3546,0.000221625,-198346,1.0464430672363392
3547,0.0002216875,-176500,1.0468360692601755
3548,0.00022175,-147210,1.0473629862828873
3549,0.0002218125,-111014,1.048014139869575
3550,0.000221875,-69132,1.048767582639982
3551,0.0002219375,-23484,1.0495887744546886
3552,0.000222,23484,1.0504337126152463
3553,0.0002220625,69132,1.0512549044299528
3554,0.000222125,111014,1.0520083472003599
3555,0.0002221875,147210,1.0526595007870474
3556,0.00022225,176500,1.0531864178097594
3557,0.0002223125,198346,1.0535794198335957
3558,0.000222375,212716,1.053837931189566
3559,0.0002224375,219814,1.0539656217674838
3560,0.0002225,219814,1.0539656217674838
3561,0.0002225625,212716,1.053837931189566
3562,0.000222625,198346,1.0535794198335957
3563,0.0002226875,176500,1.0531864178097594
3564,0.00022275,147208,1.0526594648077356
3565,0.0002228125,111010,1.052008275241736
3566,0.000222875,69124,1.0512547605127052
3567,0.0002229375,23460,1.0504332808635035
3568,0.000223,-23546,1.0495876590960198
3569,0.0002230625,-69284,1.048764848212278
3570,0.000223125,-111368,1.0480077715313694
3571,0.0002231875,-147992,1.0473489183719362
3572,0.00022325,-178140,1.046806566224421
3573,0.0002233125,-201612,1.0463843130200134
3574,0.000223375,-218898,1.0460733438272993
3575,0.0002234375,-230940,1.0458567123903755
3576,0.0002235,-238874,1.0457139824600854
3577,0.0002235625,-243818,1.0456250416010793
3578,0.000223625,-246734,1.0455725837643355
3579,0.0002236875,-248360,1.0455433325837644
3580,0.00022375,-249216,1.045527933438273
3581,0.0002238125,-249642,1.0455202698448391
3582,0.000223875,-249840,1.0455167078929615
3583,0.0002239375,-249914,1.0455153766584213
